Penyakit,Gejala,Solusi
Bercak Daun (Anggrek),anggek daun bercak coklat/kehitaman pada anggrek,"**(Penyebab: Cercospora dendrobii)**

Langkah Penanganan:
Pangkas daun terinfeksi, buang jauh dari kebun, jaga sirkulasi udara, dan semprot fungisida seperti Antracol atau Nativo secara berkala"
Busuk Hitam (Anggrek),anggek jaringan membusuk hitam pada anggrek,"**(Penyebab: Phytophthora nicotianae)**

Langkah Penanganan:
Kurangi kelembapan, hindari genangan air, potong bagian busuk, dan aplikasikan fungisida sistemik"
Antraknosa (Anggrek),anggrek bercak cekung pada daun/bunga pada anggrek,"**(Penyebab: Colletotrichum gloeosporioides)**

Langkah Penanganan:
Pangkas bagian terinfeksi, sanitasi alat, dan semprot fungisida berbahan aktif mankozeb atau klorotalonil"
Powdery Mildew (Embun Tepung) (Anggur),"anggur lapisan putih seperti bedak di daun, batang, dan bunga.","**(Penyebab: Lapisan putih seperti bedak di daun, batang, dan bunga)**

Langkah Penanganan:
Semprot fungisida sulfur atau kalium bikarbonat. Atur jarak tanam agar tidak terlalu lembap."
Downy Mildew (Embun Bulu) (Anggur),"anggur bercak kuning di atas daun, lapisan kelabu keunguan di bawah daun.","**(Penyebab: Bercak kuning di atas daun, lapisan kelabu keunguan di bawah daun)**

Langkah Penanganan:
Kurangi kelembapan, gunakan fungisida berbahan aktif tembaga (copper-based)."
Bercak Daun (Anturium),anturium daun bercak nekrotik pada anturium,"**(Penyebab: Cercospora dendrobii)**

Langkah Penanganan:
Buang daun sakit, kurangi kelembapan, dan lakukan penyemprotan fungisida secara rutin"
Busuk Hitam (Anyelir),anyelir batang membusuk pada anyelir,"**(Penyebab: Phytophthora nicotianae)**

Langkah Penanganan:
Perbaiki drainase, hindari penyiraman berlebih, dan gunakan fungisida sistemik"
Embun Tepung (Apel),apel daun berlapis putih seperti tepung,"**(Penyebab: Podosphaera leucotricha)**

Langkah Penanganan:
Pangkas daun terinfeksi, tingkatkan sirkulasi udara, dan semprot fungisida seperti Folicur"
Bercak Daun (Apel),apel daun bercak coklat dan mengering,"**(Penyebab: Marssonina coronaria)**

Langkah Penanganan:
Kumpulkan daun gugur, sanitasi kebun, dan aplikasikan fungisida preventif"
Ulat Grayak (Bawang Daun),bawang daun berlubang tidak beraturan,"**(Penyebab: Spodoptera litura)**

Langkah Penanganan:
Gunakan insektisida biologis atau kimia, pasang perangkap feromon, dan lakukan monitoring rutin"
Kutu Daun (Bawang Daun),bawang daun keriting dan menguning,"**(Penyebab: Aphis pomi)**

Langkah Penanganan:
Gunakan insektisida selektif, manfaatkan musuh alami, dan semprot sabun insektisida"
Thrips (Bawang Daun),bawang permukaan daun keperakan,"**(Penyebab: Thrips sp.)**

Langkah Penanganan:
Gunakan mulsa perak, perangkap kuning, dan insektisida selektif bila populasi tinggi"
Blas (Bawang Merah),bawang merah blas daun bercak coklat berbentuk belah ketupat khas kering menyebar,"**(Penyebab: Jamur Magnaporthe oryzae)**

Langkah Penanganan:
Gunakan varietas tahan, fungisida, perbaikan drainase"
Wereng Batang Coklat (Bawang Merah),bawang merah daun menguning lalu mengering,"**(Penyebab: Nilaparvata lugens)**

Langkah Penanganan:
Gunakan insektisida selektif, varietas tahan"
Ulat Grayak (Bawang Merah),bawang merah ulat grayak daun berlubang bercak putih transparan jaringan rusak,"**(Penyebab: Spodoptera litura)**

Langkah Penanganan:
Sanitasi lahan, rotasi tanaman, perangkap feromon, musuh alami, insektisida selektif"
Layu Fusarium (Bawang Merah),bawang merah layu fusarium daun layu dari bawah ke atas jaringan menguning,"**(Penyebab: Fusarium oxysporum)**

Langkah Penanganan:
Solarisasi tanah, fungisida, varietas tahan"
Antraknosa (Bawang Merah),bawang merah antraknosa buah bercak hitam cekung busuk jaringan lunak,"**(Penyebab: Colletotrichum capsici)**

Langkah Penanganan:
Fungisida, panen cepat, rotasi tanaman"
Busuk Buah (Bawang Merah),bawang merah busuk buah buah coklat kehitaman lembek berair mudah hancur,"**(Penyebab: Phytophthora palmivora)**

Langkah Penanganan:
Pangkas buah sakit, fungisida, drainase baik"
Karat Daun (Bawang Merah),bawang merah karat daun bercak kuning oranye seperti karat menyebar,"**(Penyebab: Hemileia vastatrix)**

Langkah Penanganan:
Fungisida tembaga, pangkas daun sakit"
Virus Kuning (Bawang Merah),bawang merah virus kuning daun keriting kerdil berubah warna kuning pucat,"**(Penyebab: Virus Gemini via kutu kebul)**

Langkah Penanganan:
Kendalikan kutu kebul, varietas tahan"
Busuk Akar (Bawang Merah),bawang merah busuk akar akar membusuk tanaman layu mendadak jaringan akar rusak,"**(Penyebab: Phytophthora spp.)**

Langkah Penanganan:
Perbaiki drainase, fungisida tanah"
Penggerek Buah (Bawang Merah),bawang merah penggerek buah buah berlubang kecil biji rusak terdapat larva,"**(Penyebab: Hypothenemus hampei)**

Langkah Penanganan:
Perangkap serangga, insektisida nabati"
Bercak Ungu (Bawang Merah),bawang merah daun bercak ungu kecoklatan,"**(Penyebab: Alternaria porri)**

Langkah Penanganan:
Pangkas daun sakit, rotasi tanaman, dan semprot fungisida"
Busuk Daun (Bawang Merah),bawang merah daun layu dan membusuk,"**(Penyebab: Peronospora destructor)**

Langkah Penanganan:
Kurangi kelembapan, atur jarak tanam, dan gunakan fungisida"
Layu Fusarium (Bawang Merah),bawang merah tanaman layu permanen,"**(Penyebab: Fusarium oxysporum)**

Langkah Penanganan:
Gunakan varietas tahan, rotasi tanaman, dan aplikasikan fungisida tanah"
Busuk Leher (Bawang Merah),bawang merah umbi membusuk dari leher,"**(Penyebab: Botrytis alii)**

Langkah Penanganan:
Panen tepat waktu, keringkan umbi, dan simpan di tempat kering serta gunakan fungisida"
Ulat Grayak (Bawang Putih),bawang putih daun rusak dimakan ulat,"**(Penyebab: Spodoptera exigua)**

Langkah Penanganan:
Gunakan insektisida biologis, perangkap feromon, dan monitoring rutin"
Kutu Daun (Bawang Putih),bawang purih daun keriting dan lemah,"**(Penyebab: Myzus persicae)**

Langkah Penanganan:
Gunakan insektisida selektif, musuh alami, dan semprot sabun insektisida"
Thrips (Bawang Putih),bawang putih daun mengering dan belang,"**(Penyebab: Thrips tabaci)**

Langkah Penanganan:
Gunakan mulsa perak, sanitasi lahan, dan insektisida selektif"
Daun Bakteri (Bayam),bayam daun bakteri bercak daun akibat xanthomonas bercak menyebar permukaan daun rusak,"**(Penyebab: Bakteri Xanthomonas spp.)**

Langkah Penanganan:
Sanitasi tanaman, penggunaan benih sehat, dan penyemprotan bakterisida"
Bercak Daun Cercospora (Bayam),bayam cercospora bercak daun hijau bercak kecil pertumbuhan terhambat khas jamur,"**(Penyebab: Jamur Cercospora beticola)**

Langkah Penanganan:
Rotasi tanaman, fungisida, dan sanitasi lahan"
Embun Tepung (Bayam),bayam embun tepung daun kuning batang membusuk lapisan jamur erisiphe,"**(Penyebab: Jamur Erysiphe spp.)**

Langkah Penanganan:
Penyemprotan fungisida dan menjaga sirkulasi udara"
Bercak Daun Cercospora (Bayam),bayam cercospora daun kuning pertumbuhan lambat bercak khas menyebar,"**(Penyebab: Jamur Cercospora beticola)**

Langkah Penanganan:
Fungisida dan sanitasi"
Busuk Akar (Bayam),bayam busuk akar daun kuning batang busuk akibat pythium akar rusak,"**(Penyebab: Jamur tanah Pythium spp.)**

Langkah Penanganan:
Perbaiki drainase dan gunakan fungisida tanah"
Bawang Putih Daun Keriting Dan Lemah (Bayam),bayam fusarium layu bercak daun layu progresif dari akar ke daun,"**(Penyebab: Jamur tanah Fusarium oxysporum)**

Langkah Penanganan:
Rotasi tanaman dan gunakan fungisida"
Busuk Lunak (Bayam),bayam busuk lunak daun kuning layu pertumbuhan terhambat jaringan membusuk,"**(Penyebab: Bakteri pembusuk jaringan)**

Langkah Penanganan:
Sanitasi kebun"
Bercak Daun Cercospora (Bayam),bayam cercospora bercak daun layu batang busuk infeksi jamur lanjut,"**(Penyebab: jamur Cercospora beticola)**

Langkah Penanganan:
sanitasi daun sakit, rotasi tanaman, menjaga kelembapan, fungisida"
Busuk Akar Phytophthora (Bayam),bayam phytophthora akar busuk daun hijau bercak pertumbuhan terhambat,"**(Penyebab: jamur air Phytophthora spp.)**

Langkah Penanganan:
perbaikan drainase tanah, rotasi tanaman, sanitasi kebun, fungisida"
Busuk Lunak (Bayam),bayam busuk lunak bercak daun kuning pertumbuhan lambat bakteri pectobacterium,"**(Penyebab: bakteri Pectobacterium carotovorum)**

Langkah Penanganan:
sanitasi kebun, penggunaan benih sehat, pengaturan kelembapan, bakterisida"
Busuk Lunak (Bayam),bayam busuk lunak parah daun kuning layu batang busuk jaringan hancur,"**(Penyebab: bakteri Pectobacterium carotovorum)**

Langkah Penanganan:
sanitasi kebun, penggunaan bibit sehat, pengaturan kelembapan, bakterisida"
Bercak Daun Cercospora (Bayam),bayam cercospora daun kuning batang busuk infeksi berat bercak meluas,"**(Penyebab: jamur Cercospora beticola)**

Langkah Penanganan:
sanitasi daun sakit, rotasi tanaman, varietas tahan, fungisida"
Layu Bakteri (Bayam),bayam layu bakteri bercak daun layu cepat akibat ralstonia,"**(Penyebab: bakteri Ralstonia solanacearum)**

Langkah Penanganan:
bibit sehat, sanitasi lahan, rotasi tanaman, bakterisida"
Busuk Lunak (Bayam),bayam busuk lunak daun hijau bercak layu batang busuk bakteri aktif,"**(Penyebab: bakteri Pectobacterium carotovorum)**

Langkah Penanganan:
sanitasi kebun, pengaturan kelembapan, bibit sehat, bakterisida"
Cabai Daun Rusak Dan Mengeriting (Bayam),bayam fusarium daun hijau bercak batang busuk pertumbuhan terhambat kronis,"**(Penyebab: Jamur Fusarium oxysporum)**

Langkah Penanganan:
Rotasi tanaman, sanitasi lahan, fungisida"
Busuk Buah Botrytis (Bayam),bayam botrytis busuk batang daun hijau pertumbuhan lambat jamur abu abu,"**(Penyebab: Jamur Botrytis cinerea)**

Langkah Penanganan:
Sanitasi tanaman, fungisida"
Embun Tepung (Bayam),bayam embun tepung lanjut daun layu batang busuk pertumbuhan terhambat,"**(Penyebab: Jamur Erysiphe spp.)**

Langkah Penanganan:
sanitasi daun sakit, pengurangan kelembaban, fungisida sulfur"
Ulat Grayak (Bayam),bayam daun berlubang,"**(Penyebab: Spodoptera exigua)**

Langkah Penanganan:
Gunakan insektisida biologis, lakukan pengendalian manual, dan monitoring"
Pengorok Daun (Bayam),bayam daun berlorong seperti goresan,"**(Penyebab: Liriomyza huidobrensis)**

Langkah Penanganan:
Gunakan perangkap kuning, musuh alami, dan insektisida selektif"
Lalat Buah (Belimbing),belimbing buah busuk dan berlubang,"**(Penyebab: Bactrocera sp.)**

Langkah Penanganan:
Bungkus buah sejak muda, gunakan perangkap metil eugenol, kumpulkan dan musnahkan buah terserang, serta aplikasikan insektisida bila diperlukan"
Damping-Off (Rebah Semai) (Bibit Tanaman Muda), batang bibit muda membusuk di permukaan tanah dan tumbang.,"**(Penyebab: Batang membusuk dan tumbang)**

Langkah Penanganan:
Jaga kelembapan tanah agar tidak terlalu basah (drainase baik), gunakan media semai steril."
Busuk Akar Phytophthora (Cabai),cabai terdapat bercak pada daun daun mengalami kelayuan pertumbuhan tanaman terhambat,"**(Penyebab: Jamur Phytophthora capsici)**

Langkah Penanganan:
Rotasi tanaman, drainase baik, dan fungisida"
Busuk Akar Phytophthora (Cabai),cabai daun tetap hijau terdapat bercak pada daun daun mengalami kelayuan batang mengalami pembusukan pertumbuhan tanaman terhambat,"**(Penyebab: Jamur Phytophthora capsici)**

Langkah Penanganan:
Drainase tanah baik dan fungisida"
Layu Fusarium (Cabai),cabai daun berwarna kuning terdapat bercak pada daun daun mengalami kelayuan batang mengalami pembusukan,"**(Penyebab: Jamur Fusarium oxysporum)**

Langkah Penanganan:
Gunakan varietas tahan dan rotasi tanaman"
Busuk Akar Phytophthora (Cabai),cabai daun tetap hijau pertumbuhan tanaman terhambat,"**(Penyebab: jamur air Phytophthora capsici)**

Langkah Penanganan:
perbaikan drainase tanah, penggunaan mulsa, rotasi tanaman, fungisida"
Busuk Lunak (Cabai),cabai terdapat bercak pada daun batang mengalami pembusukan pertumbuhan tanaman terhambat,"**(Penyebab: bakteri Pectobacterium carotovorum)**

Langkah Penanganan:
sanitasi kebun, pengaturan kelembapan, penggunaan bibit sehat, bakterisida"
Antraknosa (Cabai),cabai daun tetap hijau terdapat bercak pada daun batang mengalami pembusukan pertumbuhan tanaman terhambat,"**(Penyebab: jamur Colletotrichum capsici)**

Langkah Penanganan:
sanitasi buah sakit, rotasi tanaman, fungisida"
Busuk Buah Botrytis (Cabai),cabai daun berwarna kuning terdapat bercak pada daun daun mengalami kelayuan pertumbuhan tanaman terhambat,"**(Penyebab: Jamur Botrytis cinerea)**

Langkah Penanganan:
Sanitasi buah sakit, pengaturan kelembapan, fungisida"
Antraknosa (Cabai),cabai terdapat bercak pada daun daun mengalami kelayuan,"**(Penyebab: Jamur Colletotrichum capsici)**

Langkah Penanganan:
Sanitasi buah sakit, rotasi tanaman, fungisida"
Busuk Lunak (Cabai),cabai daun mengalami kelayuan batang mengalami pembusukan pertumbuhan tanaman terhambat,"**(Penyebab: Bakteri Erwinia carotovora)**

Langkah Penanganan:
Drainase baik, sanitasi tanaman, bakterisida"
Antraknosa (Cabai),cabai daun mengalami kelayuan batang mengalami pembusukan,"**(Penyebab: Jamur Colletotrichum capsici)**

Langkah Penanganan:
Sanitasi buah sakit, fungisida"
Busuk Buah Botrytis (Cabai),cabai daun berwarna kuning terdapat bercak pada daun daun mengalami kelayuan pertumbuhan tanaman terhambat,"**(Penyebab: Jamur Botrytis cinerea)**

Langkah Penanganan:
Sanitasi buah sakit, fungisida"
Busuk Akar Phytophthora (Cabai),cabai terdapat bercak pada daun daun mengalami kelayuan batang mengalami pembusukan,"**(Penyebab: Jamur Phytophthora capsici)**

Langkah Penanganan:
drainase baik, mulsa plastik, rotasi tanaman, fungisida metalaksil"
Karat Daun (Cabai),cabai daun tetap hijau terdapat bercak pada daun pertumbuhan tanaman terhambat,"**(Penyebab: Jamur Puccinia spp.)**

Langkah Penanganan:
sanitasi daun sakit, pengaturan jarak tanam, fungisida mankozeb"
Blas (Cabai),cabai daun bercak coklat berbentuk belah ketupat,"**(Penyebab: Jamur Magnaporthe oryzae)**

Langkah Penanganan:
Gunakan varietas tahan, fungisida, perbaikan drainase"
Wereng Batang Coklat (Cabai),cabai daun menguning lalu mengering,"**(Penyebab: Nilaparvata lugens)**

Langkah Penanganan:
Gunakan insektisida selektif, varietas tahan"
Ulat Grayak (Cabai),cabai daun berlubang tidak beraturan,"**(Penyebab: Spodoptera litura)**

Langkah Penanganan:
Gunakan insektisida biologis, perangkap feromon"
Thrips (Cabai),cabai daun muda bercak keperakan berubah coklat tembaga mengeriting tanaman kerdil pucuk mati,"**(Penyebab: Thrips parvispinus)**

Langkah Penanganan:
Mulsa perak, sanitasi tanaman, perangkap kuning, musuh alami (Coccinellidae, Chrysopidae), insektisida selektif bila ambang tercapai"
Antraknosa (Cabai),cabai buah muncul bercak hitam cekung,"**(Penyebab: Colletotrichum capsici)**

Langkah Penanganan:
Fungisida, panen cepat, rotasi tanaman"
Kacang Tanah Daun Berkarat (Cabai),cabai buah coklat kehitaman busuk lembek,"**(Penyebab: Phytophthora palmivora)**

Langkah Penanganan:
Pangkas buah sakit, fungisida, drainase baik"
Karat Daun (Cabai),cabai daun bercak kuning oranye,"**(Penyebab: Hemileia vastatrix)**

Langkah Penanganan:
Fungisida tembaga, pangkas daun sakit"
Virus Kuning (Cabai),cabai daun keriting kerdil berubah kuning,"**(Penyebab: Virus Gemini via kutu kebul)**

Langkah Penanganan:
Kendalikan kutu kebul, varietas tahan"
Busuk Akar (Cabai),cabai akar membusuk tanaman layu mendadak,"**(Penyebab: Phytophthora spp.)**

Langkah Penanganan:
Perbaiki drainase, fungisida tanah"
Penggerek Buah (Cabai),cabai buah berlubang kecil biji rusak,"**(Penyebab: Hypothenemus hampei)**

Langkah Penanganan:
Perangkap serangga, insektisida nabati"
Antraknosa (Cabai),cabai buah bercak hitam cekung,"**(Penyebab: Colletotrichum capsici)**

Langkah Penanganan:
Petik dan musnahkan buah sakit, jaga kelembapan tidak terlalu tinggi, rotasi tanaman, dan semprot fungisida mankozeb atau klorotalonil"
Bercak Daun (Cabai),cabai daun bercak coklat,"**(Penyebab: Cercospora capsici)**

Langkah Penanganan:
Pangkas daun terinfeksi, sanitasi lahan, dan semprot fungisida secara rutin"
Busuk Buah (Cabai),cabai buah membusuk berair,"**(Penyebab: Phytophthora capsici)**

Langkah Penanganan:
Perbaiki drainase, hindari genangan air, gunakan mulsa, dan aplikasikan fungisida sistemik seperti metalaksil"
Kutu Daun (Cabai),cabai daun keriting dan kerdil,"**(Penyebab: Myzus persicae)**

Langkah Penanganan:
Gunakan insektisida selektif, manfaatkan musuh alami, dan semprot larutan sabun insektisida"
Thrips (Cabai),cabai daun rusak dan mengeriting,"**(Penyebab: Thrips parvispinus)**

Langkah Penanganan:
Gunakan mulsa perak, pasang perangkap kuning, dan aplikasikan insektisida selektif bila populasi tinggi"
Kutu Kebul (Cabai),cabai daun menguning,"**(Penyebab: Bemisia tabaci)**

Langkah Penanganan:
Gunakan perangkap kuning, tanam varietas tahan, dan semprot insektisida selektif"
Ulat Buah (Cabai),cabai buah berlubang,"**(Penyebab: Helicoverpa armigera)**

Langkah Penanganan:
Kumpulkan ulat secara manual, gunakan perangkap feromon, dan aplikasikan insektisida biologis"
Mosaic Virus (Virus Mosaik) (Cabai),"cabai daun belang-belang hijau muda/tua, mengeriting, tanaman kerdil.","**(Penyebab: Daun belang, mengeriting, tanaman kerdil)**

Langkah Penanganan:
Kendalikan vektor (kutu daun/aphids) dengan insektisida. Cabut dan bakar tanaman yang terinfeksi."
Fusarium Wilt (Layu Fusarium) (Cabai),"cabai tanaman layu cepat (sering satu sisi), jaringan vaskular coklat di dalam batang.","**(Penyebab: Layu cepat, pembuluh coklat)**

Langkah Penanganan:
Rotasi tanaman, tingkatkan pH tanah, gunakan varietas tahan, gunakan agens hayati Trichoderma."
Ulat Buah (Cengkeh),cengkeh buah rusak dan berlubang,"**(Penyebab: Helicoverpa armigera)**

Langkah Penanganan:
Lakukan monitoring rutin, gunakan perangkap feromon, dan semprot insektisida bila serangan tinggi"
Antraknosa (Duku),duku bercak pada daun/buah,"**(Penyebab: Colletotrichum sp.)**

Langkah Penanganan:
Pangkas bagian terinfeksi, sanitasi kebun, dan semprot fungisida"
Kanker Batang (Durian),durian batang luka dan membusuk,"**(Penyebab: Phytophthora palmivora)**

Langkah Penanganan:
Bersihkan luka batang, oles fungisida, perbaiki drainase, dan hindari kelembapan tinggi"
Busuk Akar (Jagung),jagung terdapat bercak pada daun daun mengalami kelayuan pertumbuhan tanaman terhambat,"**(Penyebab: Jamur Rhizoctonia solani)**

Langkah Penanganan:
Drainase tanah baik"
Embun Tepung (Jagung),jagung daun tetap hijau batang mengalami pembusukan pertumbuhan tanaman terhambat,"**(Penyebab: Jamur Erysiphe spp.)**

Langkah Penanganan:
Fungisida sulfur"
Busuk Buah Botrytis (Jagung),jagung daun tetap hijau terdapat bercak pada daun daun mengalami kelayuan,"**(Penyebab: Jamur Botrytis cinerea)**

Langkah Penanganan:
Gunakan fungisida, sanitasi kebun, kurangi kelembapan"
Jamur Upas (Jagung),jagung terdapat bercak pada daun daun mengalami kelayuan pertumbuhan tanaman terhambat,"**(Penyebab: Jamur patogen batang)**

Langkah Penanganan:
Sanitasi kebun dan penggunaan fungisida"
Karat Daun (Jagung),jagung daun berwarna kuning daun mengalami kelayuan batang mengalami pembusukan,"**(Penyebab: jamur Puccinia sorghi)**

Langkah Penanganan:
varietas tahan, rotasi tanaman, sanitasi kebun, fungisida"
Embun Tepung (Jagung),jagung terdapat bercak pada daun daun mengalami kelayuan batang mengalami pembusukan pertumbuhan tanaman terhambat,"**(Penyebab: jamur Erysiphe spp.)**

Langkah Penanganan:
menjaga sirkulasi udara, rotasi tanaman, sanitasi kebun, fungisida"
Busuk Hitam (Jagung),jagung daun tetap hijau terdapat bercak pada daun daun mengalami kelayuan batang mengalami pembusukan,"**(Penyebab: jamur Alternaria spp.)**

Langkah Penanganan:
sanitasi tanaman, rotasi tanaman, varietas tahan, fungisida"
Busuk Akar (Jagung),jagung daun tetap hijau terdapat bercak pada daun daun mengalami kelayuan batang mengalami pembusukan pertumbuhan tanaman terhambat,"**(Penyebab: jamur Rhizoctonia solani)**

Langkah Penanganan:
rotasi tanaman, drainase baik, sanitasi lahan, fungisida"
Busuk Akar Phytophthora (Jagung),jagung daun berwarna coklat,"**(Penyebab: jamur air Phytophthora spp.)**

Langkah Penanganan:
drainase baik, rotasi tanaman, sanitasi lahan, fungisida"
Busuk Buah Botrytis (Jagung),jagung daun tetap hijau terdapat bercak pada daun daun mengalami kelayuan pertumbuhan tanaman terhambat,"**(Penyebab: jamur Botrytis cinerea)**

Langkah Penanganan:
sanitasi tanaman, rotasi tanaman, fungisida"
Karat Daun (Jagung),jagung daun tetap hijau terdapat bercak pada daun batang mengalami pembusukan,"**(Penyebab: jamur Puccinia sorghi)**

Langkah Penanganan:
varietas tahan, sanitasi lahan, fungisida"
Layu Fusarium (Jagung),jagung terdapat bercak pada daun daun mengalami kelayuan,"**(Penyebab: jamur Fusarium verticillioides)**

Langkah Penanganan:
rotasi tanaman, benih sehat, fungisida"
Embun Tepung (Jagung),jagung daun tetap hijau terdapat bercak pada daun daun mengalami kelayuan batang mengalami pembusukan,"**(Penyebab: Jamur Erysiphe spp.)**

Langkah Penanganan:
Gunakan varietas tahan, sanitasi lahan, pengaturan jarak tanam, aplikasi fungisida"
Layu Bakteri (Jagung),jagung daun berwarna kuning terdapat bercak pada daun daun mengalami kelayuan pertumbuhan tanaman terhambat,"**(Penyebab: Bakteri Erwinia spp.)**

Langkah Penanganan:
Gunakan benih sehat, rotasi tanaman, sanitasi lahan, pengendalian vektor"
Layu Fusarium (Jagung),jagung daun berwarna kuning terdapat bercak pada daun daun mengalami kelayuan batang mengalami pembusukan,"**(Penyebab: Jamur Fusarium verticillioides)**

Langkah Penanganan:
Rotasi tanaman, benih sehat, fungisida"
Busuk Lunak (Jagung),jagung daun berwarna kuning terdapat bercak pada daun batang mengalami pembusukan pertumbuhan tanaman terhambat,"**(Penyebab: Bakteri Erwinia spp.)**

Langkah Penanganan:
Drainase baik, sanitasi tanaman, bakterisida"
Embun Tepung (Jagung),jagung daun tetap hijau terdapat bercak pada daun daun mengalami kelayuan batang mengalami pembusukan,"**(Penyebab: Jamur Erysiphe spp.)**

Langkah Penanganan:
Varietas tahan, fungisida"
Layu Bakteri (Jagung),jagung daun berwarna kuning terdapat bercak pada daun daun mengalami kelayuan pertumbuhan tanaman terhambat,"**(Penyebab: Bakteri Erwinia spp.)**

Langkah Penanganan:
Benih sehat, sanitasi lahan"
Layu Fusarium (Jagung),jagung daun berwarna kuning terdapat bercak pada daun pertumbuhan tanaman terhambat,"**(Penyebab: Jamur Fusarium verticillioides)**

Langkah Penanganan:
rotasi tanaman, varietas tahan, pengolahan tanah baik, agen hayati Trichoderma, fungisida benomil atau mankozeb"
Embun Tepung (Jagung),jagung daun tetap hijau terdapat bercak pada daun pertumbuhan tanaman terhambat,"**(Penyebab: Jamur Erysiphe spp.)**

Langkah Penanganan:
varietas tahan, pengurangan kelembaban, fungisida sulfur"
Blas (Jagung),jagung daun bercak coklat berbentuk belah ketupat,"**(Penyebab: Jamur Magnaporthe oryzae)**

Langkah Penanganan:
Gunakan varietas tahan, fungisida, perbaikan drainase"
Wereng Batang Coklat (Jagung),jagung daun menguning lalu mengering,"**(Penyebab: Nilaparvata lugens)**

Langkah Penanganan:
Gunakan insektisida selektif, varietas tahan"
Ulat Grayak (Jagung),jagung daun berlubang tidak beraturan,"**(Penyebab: Spodoptera litura)**

Langkah Penanganan:
Gunakan insektisida biologis, perangkap feromon"
Layu Fusarium (Jagung),jagung daun layu dari bawah ke atas,"**(Penyebab: Fusarium oxysporum)**

Langkah Penanganan:
Solarisasi tanah, fungisida, varietas tahan"
Antraknosa (Jagung),jagung buah muncul bercak hitam cekung,"**(Penyebab: Colletotrichum capsici)**

Langkah Penanganan:
Fungisida, panen cepat, rotasi tanaman"
Busuk Buah (Jagung),jagung buah coklat kehitaman busuk lembek,"**(Penyebab: Phytophthora palmivora)**

Langkah Penanganan:
Pangkas buah sakit, fungisida, drainase baik"
Karat Daun (Jagung),jagung daun bercak kuning oranye,"**(Penyebab: Hemileia vastatrix)**

Langkah Penanganan:
Fungisida tembaga, pangkas daun sakit"
Virus Kuning (Jagung),jagung daun keriting kerdil berubah kuning,"**(Penyebab: Virus Gemini via kutu kebul)**

Langkah Penanganan:
Kendalikan kutu kebul, varietas tahan"
Busuk Akar (Jagung),jagung akar membusuk tanaman layu mendadak,"**(Penyebab: Phytophthora spp.)**

Langkah Penanganan:
Perbaiki drainase, fungisida tanah"
Penggerek Buah (Jagung),jagung buah berlubang kecil biji rusak,"**(Penyebab: Hypothenemus hampei)**

Langkah Penanganan:
Perangkap serangga, insektisida nabati"
Bulai (Jagung),jagung daun belang putih,"**(Penyebab: Peronosclerospora maydis)**

Langkah Penanganan:
Gunakan benih tahan, cabut tanaman sakit, dan aplikasikan fungisida"
Hawar Daun (Jagung),jagung daun mengering dari ujung,"**(Penyebab: Helminthosporium turcicum)**

Langkah Penanganan:
Rotasi tanaman, sanitasi lahan, dan semprot fungisida"
Belalang (Jagung),jagung daun dimakan habis,"**(Penyebab: Locusta migratoria)**

Langkah Penanganan:
Pengendalian manual, gunakan insektisida, dan monitoring populasi"
Ulat Grayak (Jagung),jagung daun rusak parah,"**(Penyebab: Spodoptera litura)**

Langkah Penanganan:
Gunakan insektisida biologis, lakukan pengamatan rutin, dan kendalikan sejak dini"
Blas (Jeruk),jeruk daun bercak coklat berbentuk belah ketupat,"**(Penyebab: Jamur Magnaporthe oryzae)**

Langkah Penanganan:
Gunakan varietas tahan, fungisida, perbaikan drainase"
Wereng Batang Coklat (Jeruk),jeruk daun menguning lalu mengering,"**(Penyebab: Nilaparvata lugens)**

Langkah Penanganan:
Gunakan insektisida selektif, varietas tahan"
Ulat Grayak (Jeruk),jeruk daun berlubang tidak beraturan,"**(Penyebab: Spodoptera litura)**

Langkah Penanganan:
Gunakan insektisida biologis, perangkap feromon"
Layu Fusarium (Jeruk),jeruk daun layu dari bawah ke atas,"**(Penyebab: Fusarium oxysporum)**

Langkah Penanganan:
Solarisasi tanah, fungisida, varietas tahan"
Antraknosa (Jeruk),jeruk buah muncul bercak hitam cekung,"**(Penyebab: Colletotrichum capsici)**

Langkah Penanganan:
Fungisida, panen cepat, rotasi tanaman"
Busuk Buah (Jeruk),jeruk buah coklat kehitaman busuk lembek,"**(Penyebab: Phytophthora palmivora)**

Langkah Penanganan:
Pangkas buah sakit, fungisida, drainase baik"
Karat Daun (Jeruk),jeruk daun bercak kuning oranye,"**(Penyebab: Hemileia vastatrix)**

Langkah Penanganan:
Fungisida tembaga, pangkas daun sakit"
Virus Kuning (Jeruk),jeruk daun keriting kerdil berubah kuning,"**(Penyebab: Virus Gemini via kutu kebul)**

Langkah Penanganan:
Kendalikan kutu kebul, varietas tahan"
Busuk Akar (Jeruk),jeruk akar membusuk tanaman layu mendadak,"**(Penyebab: Phytophthora spp.)**

Langkah Penanganan:
Perbaiki drainase, fungisida tanah"
Penggerek Buah (Jeruk),jeruk buah berlubang kecil biji rusak,"**(Penyebab: Hypothenemus hampei)**

Langkah Penanganan:
Perangkap serangga, insektisida nabati"
Kutu Daun (Jeruk),jeruk daun keriting,"**(Penyebab: Aphis sp.)**

Langkah Penanganan:
Gunakan insektisida selektif, manfaatkan musuh alami, dan semprot sabun insektisida"
Kutu Loncat (Jeruk),jeruk daun menggulung,"**(Penyebab: Diaphorina citri)**

Langkah Penanganan:
Gunakan insektisida selektif, pangkas bagian terserang, dan kontrol vektor secara rutin"
Kudis Buah (Jeruk),jeruk buah kasar dan rusak,"**(Penyebab: Elsinoe fawcettii)**

Langkah Penanganan:
Pangkas bagian sakit, sanitasi kebun, dan semprot fungisida"
Sooty Mold (Embun Jelaga) (Jeruk),jeruk lapisan hitam seperti jelaga di permukaan daun (akibat kutu).,"**(Penyebab: Lapisan hitam seperti jelaga)**

Langkah Penanganan:
Kendalikan hama penghisap (kutu kebul/kutu daun) yang menghasilkan embun madu."
Bercak Daun (Kacang Hijau),kacang hujau daun bercak coklat,"**(Penyebab: Cercospora canescens)**

Langkah Penanganan:
Sanitasi lahan, rotasi tanaman, dan aplikasikan fungisida"
Karat Daun (Kacang Hijau),kacang hijau daun berbintik karat,"**(Penyebab: Uromyces phaseoli)**

Langkah Penanganan:
Gunakan varietas tahan, semprot fungisida, dan jaga jarak tanam"
Penggerek Polong (Kacang Panjang),kacang panjang polong berlubang,"**(Penyebab: Maruca testulalis)**

Langkah Penanganan:
Gunakan perangkap feromon, panen rutin, dan semprot insektisida"
Kutu Daun (Kacang Panjang),kacang panjang daun keriting,"**(Penyebab: Aphis sp.)**

Langkah Penanganan:
Gunakan insektisida selektif dan musuh alami"
Thrips (Kacang Panjang),kacang panjang daun rusak,"**(Penyebab: Thrips sp.)**

Langkah Penanganan:
Gunakan mulsa perak, sanitasi lahan, dan insektisida selektif"
Antraknosa (Kacang Tanah),kacang tanah daun berwarna kuning terdapat bercak pada daun daun mengalami kelayuan batang mengalami pembusukan pertumbuhan tanaman terhambat,"**(Penyebab: Jamur Colletotrichum gloeosporioides)**

Langkah Penanganan:
Sanitasi kebun dan fungisida"
Karat Daun (Kacang Tanah),kacang tanah daun tetap hijau terdapat bercak pada daun batang mengalami pembusukan pertumbuhan tanaman terhambat,"**(Penyebab: Jamur Puccinia spp.)**

Langkah Penanganan:
Pemangkasan daun sakit dan fungisida"
Layu Fusarium (Kacang Tanah),kacang tanah daun berwarna kuning daun mengalami kelayuan,"**(Penyebab: Jamur Fusarium oxysporum)**

Langkah Penanganan:
Rotasi tanaman"
Busuk Akar (Kacang Tanah),kacang tanah daun tetap hijau daun mengalami kelayuan batang mengalami pembusukan,"**(Penyebab: Jamur tanah Rhizoctonia solani)**

Langkah Penanganan:
Perbaiki drainase"
Busuk Akar (Kacang Tanah),kacang tanah daun berwarna kuning terdapat bercak pada daun daun mengalami kelayuan batang mengalami pembusukan pertumbuhan tanaman terhambat,"**(Penyebab: jamur Rhizoctonia solani)**

Langkah Penanganan:
rotasi tanaman, sanitasi lahan, perbaikan drainase tanah, fungisida"
Hawar Daun Bakteri (Kacang Tanah),kacang tanah pertumbuhan tanaman terhambat,"**(Penyebab: bakteri Xanthomonas spp.)**

Langkah Penanganan:
sanitasi kebun, penggunaan benih sehat, rotasi tanaman, bakterisida"
Jamur Upas (Kacang Tanah),kacang tanah daun berwarna kuning daun mengalami kelayuan batang mengalami pembusukan pertumbuhan tanaman terhambat,"**(Penyebab: jamur Upasia salmonicolor)**

Langkah Penanganan:
pemangkasan bagian terinfeksi, sanitasi kebun, menjaga kelembapan, fungisida"
Jamur Upas (Kacang Tanah),kacang tanah daun tetap hijau,"**(Penyebab: jamur Upasia salmonicolor)**

Langkah Penanganan:
pemangkasan bagian terinfeksi, sanitasi kebun, menjaga kelembapan, fungisida"
Karat Daun (Kacang Tanah),kacang tanah daun tetap hijau daun mengalami kelayuan batang mengalami pembusukan,"**(Penyebab: jamur Puccinia arachidis)**

Langkah Penanganan:
rotasi tanaman, sanitasi kebun, varietas tahan, fungisida"
Embun Tepung (Kacang Tanah),kacang tanah daun tetap hijau daun mengalami kelayuan batang mengalami pembusukan,"**(Penyebab: jamur Erysiphe arachidis)**

Langkah Penanganan:
sirkulasi udara baik, sanitasi kebun, varietas tahan, fungisida"
Layu Fusarium (Kacang Tanah),kacang tanah daun tetap hijau terdapat bercak pada daun daun mengalami kelayuan,"**(Penyebab: jamur Fusarium oxysporum)**

Langkah Penanganan:
rotasi tanaman, benih sehat, sanitasi lahan, fungisida"
Busuk Akar Phytophthora (Kacang Tanah),kacang tanah daun mengalami kelayuan,"**(Penyebab: jamur air Phytophthora spp.)**

Langkah Penanganan:
drainase baik, rotasi tanaman, sanitasi kebun, fungisida"
Busuk Lunak (Kacang Tanah),kacang tanah daun mengalami kelayuan pertumbuhan tanaman terhambat,"**(Penyebab: bakteri Pectobacterium carotovorum)**

Langkah Penanganan:
sanitasi kebun, pengaturan kelembapan, bakterisida"
Busuk Akar Phytophthora (Kacang Tanah),kacang tanah daun berwarna kuning daun mengalami kelayuan,"**(Penyebab: jamur air Phytophthora spp.)**

Langkah Penanganan:
drainase baik, rotasi tanaman, sanitasi lahan, fungisida"
Busuk Hitam (Kacang Tanah),kacang tanah daun berwarna kuning,"**(Penyebab: Jamur Aspergillus niger)**

Langkah Penanganan:
Gunakan benih sehat, rotasi tanaman, sanitasi lahan"
Karat Daun (Kacang Tanah),kacang tanah batang mengalami pembusukan,"**(Penyebab: Jamur Puccinia arachidis)**

Langkah Penanganan:
Varietas tahan, fungisida"
Busuk Hitam (Kacang Tanah),kacang tanah daun mengalami kelayuan,"**(Penyebab: Jamur Aspergillus niger)**

Langkah Penanganan:
rotasi tanaman, penggunaan benih sehat, perbaikan drainase tanah, fungisida tembaga atau mankozeb, sanitasi lahan"
Busuk Hitam (Kacang Tanah),kacang tanah terdapat bercak pada daun batang mengalami pembusukan pertumbuhan tanaman terhambat,"**(Penyebab: Jamur Aspergillus niger)**

Langkah Penanganan:
rotasi tanaman, benih sehat, perbaikan drainase, fungisida tembaga"
Busuk Buah Botrytis (Kacang Tanah),kacang tanah batang mengalami pembusukan pertumbuhan tanaman terhambat,"**(Penyebab: Jamur Botrytis cinerea)**

Langkah Penanganan:
sanitasi tanaman sakit, pengurangan kelembaban, fungisida iprodione"
Blas (Kacang Tanah),kacang tanah daun bercak coklat berbentuk belah ketupat,"**(Penyebab: Jamur Magnaporthe oryzae)**

Langkah Penanganan:
Gunakan varietas tahan, fungisida, perbaikan drainase"
Wereng Batang Coklat (Kacang Tanah),kacang tanah daun menguning lalu mengering,"**(Penyebab: Nilaparvata lugens)**

Langkah Penanganan:
Gunakan insektisida selektif, varietas tahan"
Ulat Grayak (Kacang Tanah),kacang tanah daun berlubang tidak beraturan,"**(Penyebab: Spodoptera litura)**

Langkah Penanganan:
Gunakan insektisida biologis, perangkap feromon"
Layu Fusarium (Kacang Tanah),kacang tanah daun layu dari bawah ke atas,"**(Penyebab: Fusarium oxysporum)**

Langkah Penanganan:
Solarisasi tanah, fungisida, varietas tahan"
Antraknosa (Kacang Tanah),kacang tanah buah muncul bercak hitam cekung,"**(Penyebab: Colletotrichum capsici)**

Langkah Penanganan:
Fungisida, panen cepat, rotasi tanaman"
Busuk Buah (Kacang Tanah),kacang tanah buah coklat kehitaman busuk lembek,"**(Penyebab: Phytophthora palmivora)**

Langkah Penanganan:
Pangkas buah sakit, fungisida, drainase baik"
Karat Daun (Kacang Tanah),kacang tanah daun bercak kuning oranye,"**(Penyebab: Hemileia vastatrix)**

Langkah Penanganan:
Fungisida tembaga, pangkas daun sakit"
Virus Kuning (Kacang Tanah),kacang tanah daun keriting kerdil berubah kuning,"**(Penyebab: Virus Gemini via kutu kebul)**

Langkah Penanganan:
Kendalikan kutu kebul, varietas tahan"
Busuk Akar (Kacang Tanah),kacang tanah akar membusuk tanaman layu mendadak,"**(Penyebab: Phytophthora spp.)**

Langkah Penanganan:
Perbaiki drainase, fungisida tanah"
Penggerek Buah (Kacang Tanah),kacang tanah buah berlubang kecil biji rusak,"**(Penyebab: Hypothenemus hampei)**

Langkah Penanganan:
Perangkap serangga, insektisida nabati"
Bercak Daun (Kacang Tanah),kacang tanah daun bercak coklat,"**(Penyebab: Cercospora arachidicola)**

Langkah Penanganan:
Rotasi tanaman, sanitasi kebun, dan semprot fungisida"
Karat Daun (Kacang Tanah),kacang tanah daun berkarat,"**(Penyebab: Puccinia arachidis)**

Langkah Penanganan:
Gunakan varietas tahan dan fungisida"
Blas (Kakao),kakao daun bercak coklat berbentuk belah ketupat,"**(Penyebab: Jamur Magnaporthe oryzae)**

Langkah Penanganan:
Gunakan varietas tahan, fungisida, perbaikan drainase"
Wereng Batang Coklat (Kakao),kakao daun menguning lalu mengering,"**(Penyebab: Nilaparvata lugens)**

Langkah Penanganan:
Gunakan insektisida selektif, varietas tahan"
Ulat Grayak (Kakao),kakao daun berlubang tidak beraturan,"**(Penyebab: Spodoptera litura)**

Langkah Penanganan:
Gunakan insektisida biologis, perangkap feromon"
Layu Fusarium (Kakao),kakao daun layu dari bawah ke atas,"**(Penyebab: Fusarium oxysporum)**

Langkah Penanganan:
Solarisasi tanah, fungisida, varietas tahan"
Antraknosa (Kakao),kakao buah muncul bercak hitam cekung,"**(Penyebab: Colletotrichum capsici)**

Langkah Penanganan:
Fungisida, panen cepat, rotasi tanaman"
Busuk Buah (Kakao),kakao buah coklat kehitaman busuk lembek,"**(Penyebab: Phytophthora palmivora)**

Langkah Penanganan:
Pangkas buah sakit, fungisida, drainase baik"
Karat Daun (Kakao),kakao daun bercak kuning oranye,"**(Penyebab: Hemileia vastatrix)**

Langkah Penanganan:
Fungisida tembaga, pangkas daun sakit"
Virus Kuning (Kakao),kakao daun keriting kerdil berubah kuning,"**(Penyebab: Virus Gemini via kutu kebul)**

Langkah Penanganan:
Kendalikan kutu kebul, varietas tahan"
Busuk Akar (Kakao),kakao akar membusuk tanaman layu mendadak,"**(Penyebab: Phytophthora spp.)**

Langkah Penanganan:
Perbaiki drainase, fungisida tanah"
Penggerek Buah (Kakao),kakao buah berlubang kecil biji rusak,"**(Penyebab: Hypothenemus hampei)**

Langkah Penanganan:
Perangkap serangga, insektisida nabati"
Busuk Buah (Kakao),kakao buah membusuk coklat,"**(Penyebab: Phytophthora palmivora)**

Langkah Penanganan:
Pangkas buah sakit, jaga kebersihan kebun, kurangi kelembapan, dan semprot fungisida"
Penggerek Buah (Kakao),kakao buah berlubang dan rusak,"**(Penyebab: Conopomorpha cramerella)**

Langkah Penanganan:
Bungkus buah, panen rutin, gunakan perangkap, dan aplikasikan insektisida selektif"
Blas (Kedelai),kedelai daun bercak coklat berbentuk belah ketupat,"**(Penyebab: Jamur Magnaporthe oryzae)**

Langkah Penanganan:
Gunakan varietas tahan, fungisida, perbaikan drainase"
Wereng Batang Coklat (Kedelai),kedelai daun menguning lalu mengering,"**(Penyebab: Nilaparvata lugens)**

Langkah Penanganan:
Gunakan insektisida selektif, varietas tahan"
Ulat Grayak (Kedelai),kedelai daun berlubang tidak beraturan,"**(Penyebab: Spodoptera litura)**

Langkah Penanganan:
Gunakan insektisida biologis, perangkap feromon"
Layu Fusarium (Kedelai),kedelai daun layu dari bawah ke atas,"**(Penyebab: Fusarium oxysporum)**

Langkah Penanganan:
Solarisasi tanah, fungisida, varietas tahan"
Antraknosa (Kedelai),kedelai buah muncul bercak hitam cekung,"**(Penyebab: Colletotrichum capsici)**

Langkah Penanganan:
Fungisida, panen cepat, rotasi tanaman"
Busuk Buah (Kedelai),kedelai buah coklat kehitaman busuk lembek,"**(Penyebab: Phytophthora palmivora)**

Langkah Penanganan:
Pangkas buah sakit, fungisida, drainase baik"
Karat Daun (Kedelai),kedelai daun bercak kuning oranye,"**(Penyebab: Hemileia vastatrix)**

Langkah Penanganan:
Fungisida tembaga, pangkas daun sakit"
Virus Kuning (Kedelai),kedelai daun keriting kerdil berubah kuning,"**(Penyebab: Virus Gemini via kutu kebul)**

Langkah Penanganan:
Kendalikan kutu kebul, varietas tahan"
Busuk Akar (Kedelai),kedelai akar membusuk tanaman layu mendadak,"**(Penyebab: Phytophthora spp.)**

Langkah Penanganan:
Perbaiki drainase, fungisida tanah"
Penggerek Buah (Kedelai),kedelai buah berlubang kecil biji rusak,"**(Penyebab: Hypothenemus hampei)**

Langkah Penanganan:
Perangkap serangga, insektisida nabati"
Karat Daun (Kedelai),kedelai daun berkarat coklat,"**(Penyebab: Phakopsora pachyrhizi)**

Langkah Penanganan:
Gunakan varietas tahan, rotasi tanaman, dan fungisida"
Ulat Grayak (Kedelai),kedelai daun rusak,"**(Penyebab: Spodoptera litura)**

Langkah Penanganan:
Gunakan insektisida biologis dan monitoring rutin"
Blas (Kelapa Sawit),kelapa sawit daun bercak coklat berbentuk belah ketupat,"**(Penyebab: Jamur Magnaporthe oryzae)**

Langkah Penanganan:
Gunakan varietas tahan, fungisida, perbaikan drainase"
Wereng Batang Coklat (Kelapa Sawit),kelapa sawit daun menguning lalu mengering,"**(Penyebab: Nilaparvata lugens)**

Langkah Penanganan:
Gunakan insektisida selektif, varietas tahan"
Ulat Grayak (Kelapa Sawit),kelapa sawit daun berlubang tidak beraturan,"**(Penyebab: Spodoptera litura)**

Langkah Penanganan:
Gunakan insektisida biologis, perangkap feromon"
Layu Fusarium (Kelapa Sawit),kelapa sawit daun layu dari bawah ke atas,"**(Penyebab: Fusarium oxysporum)**

Langkah Penanganan:
Solarisasi tanah, fungisida, varietas tahan"
Antraknosa (Kelapa Sawit),kelapa sawit buah muncul bercak hitam cekung,"**(Penyebab: Colletotrichum capsici)**

Langkah Penanganan:
Fungisida, panen cepat, rotasi tanaman"
Busuk Buah (Kelapa Sawit),kelapa sawit buah coklat kehitaman busuk lembek,"**(Penyebab: Phytophthora palmivora)**

Langkah Penanganan:
Pangkas buah sakit, fungisida, drainase baik"
Karat Daun (Kelapa Sawit),kelapa sawit daun bercak kuning oranye,"**(Penyebab: Hemileia vastatrix)**

Langkah Penanganan:
Fungisida tembaga, pangkas daun sakit"
Virus Kuning (Kelapa Sawit),kelapa sawit daun keriting kerdil berubah kuning,"**(Penyebab: Virus Gemini via kutu kebul)**

Langkah Penanganan:
Kendalikan kutu kebul, varietas tahan"
Busuk Akar (Kelapa Sawit),kelapa sawit akar membusuk tanaman layu mendadak,"**(Penyebab: Phytophthora spp.)**

Langkah Penanganan:
Perbaiki drainase, fungisida tanah"
Penggerek Buah (Kelapa Sawit),kelapa sawit buah berlubang kecil biji rusak,"**(Penyebab: Hypothenemus hampei)**

Langkah Penanganan:
Perangkap serangga, insektisida nabati"
Busuk Hitam (Kentang),kentang daun tetap hijau terdapat bercak pada daun pertumbuhan tanaman terhambat,"**(Penyebab: Bakteri Xanthomonas campestris)**

Langkah Penanganan:
Gunakan benih sehat, lakukan rotasi tanaman, sanitasi lahan, dan aplikasi bakterisida"
Bercak Daun (Kentang),kentang daun tetap hijau daun mengalami kelayuan,"**(Penyebab: Jamur Alternaria solani)**

Langkah Penanganan:
Penyemprotan fungisida dan sanitasi daun yang terinfeksi"
Bercak Daun Cercospora (Kentang),kentang daun mengalami kelayuan batang mengalami pembusukan,"**(Penyebab: Jamur Cercospora spp.)**

Langkah Penanganan:
Fungisida dan rotasi tanaman"
Busuk Akar Phytophthora (Kentang),kentang daun tetap hijau terdapat bercak pada daun daun mengalami kelayuan batang mengalami pembusukan,"**(Penyebab: Jamur Phytophthora infestans)**

Langkah Penanganan:
Fungisida sistemik dan drainase baik"
Embun Tepung (Kentang),kentang daun tetap hijau terdapat bercak pada daun pertumbuhan tanaman terhambat,"**(Penyebab: Jamur Erysiphe spp.)**

Langkah Penanganan:
Gunakan fungisida"
Layu Fusarium (Kentang),kentang daun berwarna kuning daun mengalami kelayuan batang mengalami pembusukan,"**(Penyebab: jamur Fusarium oxysporum)**

Langkah Penanganan:
rotasi tanaman, penggunaan benih sehat, perbaikan drainase tanah, fungisida"
Hawar Daun Bakteri (Kentang),kentang terdapat bercak pada daun daun mengalami kelayuan pertumbuhan tanaman terhambat,"**(Penyebab: bakteri Xanthomonas spp.)**

Langkah Penanganan:
sanitasi kebun, penggunaan bibit sehat, rotasi tanaman, bakterisida"
Busuk Buah Botrytis (Kentang),kentang terdapat bercak pada daun daun mengalami kelayuan pertumbuhan tanaman terhambat,"**(Penyebab: jamur Botrytis cinerea)**

Langkah Penanganan:
sanitasi kebun, rotasi tanaman, pengaturan kelembapan, fungisida"
Bercak Daun Cercospora (Kentang),kentang daun berwarna kuning terdapat bercak pada daun,"**(Penyebab: jamur Cercospora spp.)**

Langkah Penanganan:
sanitasi daun sakit, rotasi tanaman, fungisida"
Antraknosa (Kentang),kentang daun berwarna kuning terdapat bercak pada daun batang mengalami pembusukan,"**(Penyebab: Jamur Colletotrichum coccodes)**

Langkah Penanganan:
Rotasi tanaman, sanitasi lahan, fungisida"
Busuk Akar Phytophthora (Kentang),kentang terdapat bercak pada daun daun mengalami kelayuan batang mengalami pembusukan,"**(Penyebab: Jamur Phytophthora infestans)**

Langkah Penanganan:
Rotasi tanaman, fungisida"
Layu Bakteri (Kentang),kentang daun tetap hijau daun mengalami kelayuan batang mengalami pembusukan,"**(Penyebab: Bakteri Ralstonia solanacearum)**

Langkah Penanganan:
rotasi tanaman non-solanaceae, bibit sehat, sanitasi alat pertanian, perbaikan drainase, eradikasi tanaman terinfeksi"
Hawar Daun Bakteri (Kentang),kentang daun mengalami kelayuan batang mengalami pembusukan,"**(Penyebab: Bakteri Xanthomonas campestris)**

Langkah Penanganan:
sanitasi tanaman sakit, rotasi tanaman, bakterisida tembaga, pengendalian kelembaban"
Hawar Daun Bakteri (Kentang),kentang daun tetap hijau terdapat bercak pada daun,"**(Penyebab: Bakteri Xanthomonas spp.)**

Langkah Penanganan:
sanitasi tanaman sakit, rotasi tanaman, bakterisida tembaga"
Jamur Upas (Kentang),kentang daun berwarna kuning terdapat bercak pada daun daun mengalami kelayuan batang mengalami pembusukan pertumbuhan tanaman terhambat,"**(Penyebab: Jamur Upasia salmonicolor)**

Langkah Penanganan:
pemangkasan bagian sakit, sanitasi kebun, fungisida tembaga"
Busuk Lunak (Kentang),kentang pertumbuhan tanaman terhambat,"**(Penyebab: Bakteri Erwinia carotovora)**

Langkah Penanganan:
sanitasi kebun, penyimpanan baik, bakterisida tembaga"
Busuk Hitam (Kentang),kentang daun berwarna kuning daun mengalami kelayuan,"**(Penyebab: Jamur Aspergillus niger)**

Langkah Penanganan:
sanitasi kebun, rotasi tanaman, bibit sehat, fungisida tembaga"
Blas (Kentang),kentang daun bercak coklat berbentuk belah ketupat,"**(Penyebab: Jamur Magnaporthe oryzae)**

Langkah Penanganan:
Gunakan varietas tahan, fungisida, perbaikan drainase"
Wereng Batang Coklat (Kentang),kentang daun menguning lalu mengering,"**(Penyebab: Nilaparvata lugens)**

Langkah Penanganan:
Gunakan insektisida selektif, varietas tahan"
Ulat Grayak (Kentang),kentang daun berlubang tidak beraturan,"**(Penyebab: Spodoptera litura)**

Langkah Penanganan:
Gunakan insektisida biologis, perangkap feromon"
Layu Fusarium (Kentang),kentang daun layu dari bawah ke atas,"**(Penyebab: Fusarium oxysporum)**

Langkah Penanganan:
Solarisasi tanah, fungisida, varietas tahan"
Antraknosa (Kentang),kentang buah muncul bercak hitam cekung,"**(Penyebab: Colletotrichum capsici)**

Langkah Penanganan:
Fungisida, panen cepat, rotasi tanaman"
Busuk Buah (Kentang),kentang buah coklat kehitaman busuk lembek,"**(Penyebab: Phytophthora palmivora)**

Langkah Penanganan:
Pangkas buah sakit, fungisida, drainase baik"
Karat Daun (Kentang),kentang daun bercak kuning oranye,"**(Penyebab: Hemileia vastatrix)**

Langkah Penanganan:
Fungisida tembaga, pangkas daun sakit"
Virus Kuning (Kentang),kentang daun keriting kerdil berubah kuning,"**(Penyebab: Virus Gemini via kutu kebul)**

Langkah Penanganan:
Kendalikan kutu kebul, varietas tahan"
Busuk Akar (Kentang),kentang akar membusuk tanaman layu mendadak,"**(Penyebab: Phytophthora spp.)**

Langkah Penanganan:
Perbaiki drainase, fungisida tanah"
Penggerek Buah (Kentang),kentang buah berlubang kecil biji rusak,"**(Penyebab: Hypothenemus hampei)**

Langkah Penanganan:
Perangkap serangga, insektisida nabati"
Busuk Daun (Kentang),kentang daun dan batang membusuk,"**(Penyebab: Phytophthora infestans)**

Langkah Penanganan:
Perbaiki drainase, hindari penyiraman berlebih, dan gunakan fungisida sistemik"
Bercak Kering (Kentang),kentang daun bercak kering,"**(Penyebab: Alternaria solani)**

Langkah Penanganan:
Gunakan fungisida (mankozeb/klorotalonil), lakukan rotasi tanaman, dan sanitasi daun sakit"
Thrips (Kentang),kentang daun rusak,"**(Penyebab: Thrips palmi)**

Langkah Penanganan:
Gunakan insektisida selektif (abamektin/spinosad), pasang perangkap kuning, dan jaga kebersihan lahan"
Blas (Ketimun),ketimun daun bercak coklat berbentuk belah ketupat,"**(Penyebab: Jamur Magnaporthe oryzae)**

Langkah Penanganan:
Gunakan varietas tahan, fungisida, perbaikan drainase"
Wereng Batang Coklat (Ketimun),ketimun daun menguning lalu mengering,"**(Penyebab: Nilaparvata lugens)**

Langkah Penanganan:
Gunakan insektisida selektif, varietas tahan"
Ulat Grayak (Ketimun),ketimun daun berlubang tidak beraturan,"**(Penyebab: Spodoptera litura)**

Langkah Penanganan:
Gunakan insektisida biologis, perangkap feromon"
Layu Fusarium (Ketimun),ketimun daun layu dari bawah ke atas,"**(Penyebab: Fusarium oxysporum)**

Langkah Penanganan:
Solarisasi tanah, fungisida, varietas tahan"
Antraknosa (Ketimun),ketimun buah muncul bercak hitam cekung,"**(Penyebab: Colletotrichum capsici)**

Langkah Penanganan:
Fungisida, panen cepat, rotasi tanaman"
Busuk Buah (Ketimun),ketimun buah coklat kehitaman busuk lembek,"**(Penyebab: Phytophthora palmivora)**

Langkah Penanganan:
Pangkas buah sakit, fungisida, drainase baik"
Karat Daun (Ketimun),ketimun daun bercak kuning oranye,"**(Penyebab: Hemileia vastatrix)**

Langkah Penanganan:
Fungisida tembaga, pangkas daun sakit"
Virus Kuning (Ketimun),ketimun daun keriting kerdil berubah kuning,"**(Penyebab: Virus Gemini via kutu kebul)**

Langkah Penanganan:
Kendalikan kutu kebul, varietas tahan"
Busuk Akar (Ketimun),ketimun akar membusuk tanaman layu mendadak,"**(Penyebab: Phytophthora spp.)**

Langkah Penanganan:
Perbaiki drainase, fungisida tanah"
Penggerek Buah (Ketimun),ketimun buah berlubang kecil biji rusak,"**(Penyebab: Hypothenemus hampei)**

Langkah Penanganan:
Perangkap serangga, insektisida nabati"
Antraknosa (Kopi),kopi daun berwarna kuning terdapat bercak pada daun pertumbuhan tanaman terhambat,"**(Penyebab: Jamur Colletotrichum coffeanum)**

Langkah Penanganan:
Sanitasi kebun dan penyemprotan fungisi"
Jamur Upas (Kopi),kopi daun berwarna kuning batang mengalami pembusukan pertumbuhan tanaman terhambat,"**(Penyebab: Jamur Upasia salmonicolor)**

Langkah Penanganan:
Pangkas cabang terinfeksi dan fungisida"
Busuk Akar (Kopi),kopi terdapat bercak pada daun daun mengalami kelayuan,"**(Penyebab: Jamur tanah seperti Rhizoctonia solani)**

Langkah Penanganan:
Perbaiki drainase tanah, gunakan fungisida tanah"
Layu Bakter (Kopi),kopi daun berwarna kuning terdapat bercak pada daun daun mengalami kelayuan pertumbuhan tanaman terhambat,"**(Penyebab: bakteri Ralstonia solanacearum)**

Langkah Penanganan:
penggunaan bibit sehat, sanitasi lahan, rotasi tanaman, bakterisida"
Embun Tepung (Kopi),kopi daun tetap hijau daun mengalami kelayuan pertumbuhan tanaman terhambat,"**(Penyebab: jamur Oidium spp.)**

Langkah Penanganan:
pemangkasan daun sakit, menjaga sirkulasi udara, sanitasi kebun, fungisida"
Busuk Akar Phytophthora (Kopi),kopi terdapat bercak pada daun daun mengalami kelayuan pertumbuhan tanaman terhambat,"**(Penyebab: jamur air Phytophthora spp.)**

Langkah Penanganan:
drainase baik, sanitasi kebun, fungisida"
Busuk Akar Phytophthora (Kopi),kopi daun berwarna kuning terdapat bercak pada daun pertumbuhan tanaman terhambat,"**(Penyebab: jamur air Phytophthora spp.)**

Langkah Penanganan:
drainase baik, sanitasi kebun, fungisida"
Layu Fusarium (Kopi),kopi daun berwarna kuning terdapat bercak pada daun,"**(Penyebab: Jamur Fusarium spp.)**

Langkah Penanganan:
Sanitasi tanaman, rotasi tanaman, fungisida"
Busuk Lunak (Kopi),kopi terdapat bercak pada daun,"**(Penyebab: Bakteri Erwinia spp.)**

Langkah Penanganan:
Sanitasi tanaman, drainase baik"
Layu Bakteri (Kopi),kopi daun tetap hijau terdapat bercak pada daun daun mengalami kelayuan batang mengalami pembusukan pertumbuhan tanaman terhambat,"**(Penyebab: Bakteri Pseudomonas syringae)**

Langkah Penanganan:
sanitasi kebun, pemangkasan bagian sakit, bibit sehat, perbaikan drainase, bakterisida tembaga"
Busuk Akar Phytophthora (Kopi),kopi daun tetap hijau daun mengalami kelayuan batang mengalami pembusukan,"**(Penyebab: Jamur Phytophthora palmivora)**

Langkah Penanganan:
perbaikan drainase tanah, sanitasi kebun, penggunaan bibit sehat, fungisida metalaksil atau fosetil-Al"
Jamur Upas (Kopi),"kopi daun berwarna kuning, terdapat bercak pada daun, pertumbuhan tanaman terhambat","**(Penyebab: Jamur Upasia salmonicolor)**

Langkah Penanganan:
pemangkasan cabang terinfeksi, sanitasi kebun, fungisida tembaga, pengaturan kelembaban kebun"
Bercak Daun (Kopi),kopi terdapat bercak pada daun pertumbuhan tanaman terhambat,"**(Penyebab: Jamur Cercospora coffeicola)**

Langkah Penanganan:
sanitasi daun sakit, pengaturan naungan, fungisida mankozeb atau klorotalonil"
Blas (Kopi),kopi daun bercak coklat berbentuk belah ketupat,"**(Penyebab: Jamur Magnaporthe oryzae)**

Langkah Penanganan:
Gunakan varietas tahan, fungisida, perbaikan drainase"
Wereng Batang Coklat (Kopi),kopi daun menguning lalu mengering,"**(Penyebab: Nilaparvata lugens)**

Langkah Penanganan:
Gunakan insektisida selektif, varietas tahan"
Ulat Grayak (Kopi),kopi daun berlubang tidak beraturan,"**(Penyebab: Spodoptera litura)**

Langkah Penanganan:
Gunakan insektisida biologis, perangkap feromon"
Layu Fusarium (Kopi),kopi daun layu dari bawah ke atas,"**(Penyebab: Fusarium oxysporum)**

Langkah Penanganan:
Solarisasi tanah, fungisida, varietas tahan"
Antraknosa (Kopi),kopi buah muncul bercak hitam cekung,"**(Penyebab: Colletotrichum capsici)**

Langkah Penanganan:
Fungisida, panen cepat, rotasi tanaman"
Busuk Buah (Kopi),kopi buah coklat kehitaman busuk lembek,"**(Penyebab: Phytophthora palmivora)**

Langkah Penanganan:
Pangkas buah sakit, fungisida, drainase baik"
Karat Daun (Kopi),kopi daun bercak kuning oranye,"**(Penyebab: Hemileia vastatrix)**

Langkah Penanganan:
Fungisida tembaga, pangkas daun sakit"
Virus Kuning (Kopi),kopi daun keriting kerdil berubah kuning,"**(Penyebab: Virus Gemini via kutu kebul)**

Langkah Penanganan:
Kendalikan kutu kebul, varietas tahan"
Busuk Akar (Kopi),kopi akar membusuk tanaman layu mendadak,"**(Penyebab: Phytophthora spp.)**

Langkah Penanganan:
Perbaiki drainase, fungisida tanah"
Penggerek Buah (Kopi),"kopi buah berlubang kecil, biji rusak","**(Penyebab: Hypothenemus hampei)**

Langkah Penanganan:
Perangkap serangga, insektisida nabati"
Busuk Akar (Kubis),kubis daun tetap hijau daun mengalami kelayuan pertumbuhan tanaman terhambat,"**(Penyebab: Jamur Rhizoctonia solani)**

Langkah Penanganan:
Drainase tanah yang baik dan fungisida"
Antraknosa (Kubis),kubis terdapat bercak pada daun batang mengalami pembusukan pertumbuhan tanaman terhambat,"**(Penyebab: Jamur Colletotrichum spp.)**

Langkah Penanganan:
Sanitasi kebun dan fungisida"
Busuk Lunak (Kubis),kubis daun berwarna kuning terdapat bercak pada daun daun mengalami kelayuan,"**(Penyebab: Bakteri Pectobacterium carotovorum)**

Langkah Penanganan:
Gunakan varietas tahan dan bakterisida"
Karat Daun (Kubis),kubis batang mengalami pembusukan pertumbuhan tanaman terhambat,"**(Penyebab: Jamur karat daun)**

Langkah Penanganan:
Gunakan fungisida dan rotasi tanaman"
Busuk Akar Phytophthora (Kubis),kubis daun tetap hijau pertumbuhan tanaman terhambat,"**(Penyebab: Jamur Phytophthora spp.)**

Langkah Penanganan:
Perbaiki drainase tanah"
Embun Tepung (Kubis),kubis daun tetap hijau daun mengalami kelayuan batang mengalami pembusukan pertumbuhan tanaman terhambat,"**(Penyebab: jamur Erysiphe cruciferarum)**

Langkah Penanganan:
menjaga sirkulasi udara, sanitasi kebun, varietas tahan, fungisida sulfur"
Bercak Daun (Kubis),kubis daun tetap hijau terdapat bercak pada daun batang mengalami pembusukan pertumbuhan tanaman terhambat,"**(Penyebab: jamur Alternaria brassicae)**

Langkah Penanganan:
sanitasi daun sakit, rotasi tanaman, varietas tahan, fungisida"
Layu Bakteri (Kubis),kubis daun berwarna kuning terdapat bercak pada daun,"**(Penyebab: bakteri Xanthomonas campestris)**

Langkah Penanganan:
benih sehat, sanitasi kebun, rotasi tanaman, bakterisida"
Busuk Lunak (Kubis),kubis terdapat bercak pada daun batang mengalami pembusukan,"**(Penyebab: bakteri Pectobacterium carotovorum)**

Langkah Penanganan:
sanitasi kebun, pengaturan kelembapan, bakterisida"
Busuk Akar Phytophthora (Kubis),kubis daun berwarna kuning daun mengalami kelayuan,"**(Penyebab: jamur air Phytophthora spp.)**

Langkah Penanganan:
drainase baik, rotasi tanaman, fungisida"
Antraknosa (Kubis),kubis terdapat bercak pada daun daun mengalami kelayuan batang mengalami pembusukan pertumbuhan tanaman terhambat,"**(Penyebab: jamur Colletotrichum spp.)**

Langkah Penanganan:
sanitasi kebun, rotasi tanaman, fungisida"
Hawar Daun Bakteri (Kubis),kubis daun tetap hijau terdapat bercak pada daun daun mengalami kelayuan batang mengalami pembusukan pertumbuhan tanaman terhambat,"**(Penyebab: Bakteri Xanthomonas campestris)**

Langkah Penanganan:
Benih sehat, sanitasi tanaman"
Busuk Hitam (Kubis),kubis daun berwarna kuning daun mengalami kelayuan ,"**(Penyebab: Bakteri Xanthomonas campestris)**

Langkah Penanganan:
benih bebas patogen, sanitasi lahan, rotasi tanaman, bakterisida tembaga"
Bercak Daun (Kubis),kentang daun bercak coklat,"**(Penyebab: Alternaria brassicae)**

Langkah Penanganan:
Gunakan fungisida (mankozeb/azoksistrobin), lakukan rotasi tanaman, dan buang daun terinfeksi"
Ulat Daun (Kubis),kubis daun habis dimakan,"**(Penyebab: Plutella xylostella)**

Langkah Penanganan:
Gunakan insektisida biologis (Bt), pemasangan perangkap, dan pengendalian terpadu"
Karat Daun (Mangga),mangga daun tetap hijau terdapat bercak pada daun daun mengalami kelayuan,"**(Penyebab: Jamur Puccinia spp.)**

Langkah Penanganan:
Pemangkasan daun terinfeksi, sanitasi kebun, meningkatkan sirkulasi udara, dan penyemprotan fungisida"
Hawar Daun Bakteri (Mangga),mangga daun berwarna kuning,"**(Penyebab: Bakteri Xanthomonas oryzae)**

Langkah Penanganan:
Gunakan varietas tahan penyakit, pengaturan air, dan penyemprotan bakterisida"
Busuk Lunak (Mangga),mangga daun tetap hijau pertumbuhan tanaman terhambat,"**(Penyebab: Bakteri Pectobacterium carotovorum)**

Langkah Penanganan:
Kurangi kelembaban dan sanitasi tanaman"
Karat Daun (Mangga),mangga terdapat bercak pada daun batang mengalami pembusukan,"**(Penyebab: Jamur Puccinia spp.)**

Langkah Penanganan:
Fungisida dan sanitasi daun"
Busuk Akar (Mangga),mangga batang mengalami pembusukan pertumbuhan tanaman terhambat,"**(Penyebab: Jamur Rhizoctonia solani)**

Langkah Penanganan:
Perbaiki drainase tanah"
Jamur Upas (Mangga),mangga daun berwarna kuning terdapat bercak pada daun,"**(Penyebab: Jamur Corticium salmonicolor)**

Langkah Penanganan:
Pangkas cabang terinfeksi, jaga sirkulasi udara, semprot fungisida tembaga"
Busuk Buah Botrytis (Mangga),mangga terdapat bercak pada daun batang mengalami pembusukan pertumbuhan tanaman terhambat,"**(Penyebab: Jamur Botrytis cinerea)**

Langkah Penanganan:
Buang buah terinfeksi, semprot fungisida"
Jamur Upas (Mangga),mangga daun berwarna kuning batang mengalami pembusukan,"**(Penyebab: Jamur Corticium salmonicolor)**

Langkah Penanganan:
Pangkas cabang sakit dan semprot fungisida"
Busuk Akar Phytophthora (Mangga),mangga daun berwarna kuning terdapat bercak pada daun daun mengalami kelayuan batang mengalami pembusukan pertumbuhan tanaman terhambat,"**(Penyebab: Jamur air Phytophthora spp.)**

Langkah Penanganan:
Perbaiki drainase tanah dan gunakan fungisida sistemik"
Busuk Akar Phytophthora (Mangga),"mangga batang mengalami pembusukan, pertumbuhan tanaman terhambat","**(Penyebab: Jamur Phytophthora spp.)**

Langkah Penanganan:
Perbaiki drainase dan gunakan fungisida"
Karat Daun (Mangga),"mangga daun mengalami kelayuan, batang mengalami pembusukan, pertumbuhan tanaman terhambat","**(Penyebab: Jamur karat daun)**

Langkah Penanganan:
Semprot fungisida"
Embun Tepung (Mangga),"mangga terdapat bercak pada daun, batang mengalami pembusukan, pertumbuhan tanaman terhambat","**(Penyebab: Jamur Oidium spp.)**

Langkah Penanganan:
Gunakan fungisida sulfur"
Karat Daun (Mangga),"mangga terdapat bercak pada daun, batang mengalami pembusukan, pertumbuhan tanaman terhambat","**(Penyebab: jamur Puccinia spp.)**

Langkah Penanganan:
pemangkasan daun sakit, sanitasi kebun, peningkatan sirkulasi udara, fungisida"
Antraknosa (Mangga),"mangga daun berwarna kuning, terdapat bercak pada daun, batang mengalami pembusukan, pertumbuhan tanaman terhambat","**(Penyebab: jamur Colletotrichum gloeosporioides)**

Langkah Penanganan:
pemangkasan bagian sakit, sanitasi kebun, menjaga kelembapan, fungisida"
Bercak Daun (Mangga),"mangga daun berwarna kuning, pertumbuhan tanaman terhambat","**(Penyebab: jamur Cercospora mangiferae)**

Langkah Penanganan:
pemangkasan daun sakit, sanitasi kebun, rotasi tanaman, fungisida"
Antraknosa (Mangga),"mangga daun tetap hijau, daun mengalami kelayuan","**(Penyebab: jamur Colletotrichum gloeosporioides)**

Langkah Penanganan:
pemangkasan daun sakit, sanitasi kebun, menjaga kelembapan, fungisida"
Busuk Lunak (Mangga),"mangga daun tetap hijau, batang mengalami pembusukan","**(Penyebab: bakteri Pectobacterium carotovorum)**

Langkah Penanganan:
sanitasi kebun, pengaturan kelembapan, penggunaan bibit sehat, bakterisida"
Layu Bakteri (Mangga),"mangga daun tetap hijau, terdapat bercak pada daun, batang mengalami pembusukan","**(Penyebab: bakteri Ralstonia solanacearum)**

Langkah Penanganan:
bibit sehat, sanitasi kebun, rotasi tanaman, bakterisida"
Busuk Hitam (Mangga),mangga batang mengalami pembusukan,"**(Penyebab: jamur Alternaria spp.)**

Langkah Penanganan:
sanitasi tanaman sakit, pemangkasan, fungisida, rotasi tanaman"
Antraknosa (Mangga),mangga batang mengalami pembusukan,"**(Penyebab: Jamur Colletotrichum gloeosporioides)**

Langkah Penanganan:
Sanitasi tanaman, fungisida"
Karat Daun (Mangga),"mangga daun tetap hijau, daun mengalami kelayuan, batang mengalami pembusukan, pertumbuhan tanaman terhambat","**(Penyebab: Jamur Puccinia mangiferae)**

Langkah Penanganan:
sanitasi daun terinfeksi, pemangkasan, fungisida mankozeb"
Busuk Akar Phytophthora (Mangga),mangga daun mengalami kelayuan,"**(Penyebab: Jamur Phytophthora palmivora)**

Langkah Penanganan:
perbaikan drainase tanah, sanitasi kebun, fungisida fosetil-Al"
Busuk Akar Phytophthora (Mangga),"mangga daun berwarna kuning, pertumbuhan tanaman terhambat","**(Penyebab: Jamur Phytophthora palmivora)**

Langkah Penanganan:
perbaikan drainase tanah, sanitasi kebun, fungisida fosetil-Al"
Blas (Mangga),mangga daun bercak coklat berbentuk belah ketupat,"**(Penyebab: Jamur Magnaporthe oryzae)**

Langkah Penanganan:
Gunakan varietas tahan, fungisida, perbaikan drainase"
Wereng Batang Coklat (Mangga),mangga daun menguning lalu mengering,"**(Penyebab: Nilaparvata lugens)**

Langkah Penanganan:
Gunakan insektisida selektif, varietas tahan"
Ulat Grayak (Mangga),mangga daun berlubang tidak beraturan,"**(Penyebab: Spodoptera litura)**

Langkah Penanganan:
Gunakan insektisida biologis, perangkap feromon"
Layu Fusarium (Mangga),mangga daun layu dari bawah ke atas,"**(Penyebab: Fusarium oxysporum)**

Langkah Penanganan:
Solarisasi tanah, fungisida, varietas tahan"
Antraknosa (Mangga),mangga buah muncul bercak hitam cekung,"**(Penyebab: Colletotrichum capsici)**

Langkah Penanganan:
Fungisida, panen cepat, rotasi tanaman"
Busuk Buah (Mangga),"mangga buah coklat kehitaman, busuk lembek","**(Penyebab: Phytophthora palmivora)**

Langkah Penanganan:
Pangkas buah sakit, fungisida, drainase baik"
Karat Daun (Mangga),mangga daun bercak kuning-oranye,"**(Penyebab: Hemileia vastatrix)**

Langkah Penanganan:
Fungisida tembaga, pangkas daun sakit"
Virus Kuning (Mangga),"mangga daun keriting, kerdil, berubah kuning","**(Penyebab: Virus Gemini via kutu kebul)**

Langkah Penanganan:
Kendalikan kutu kebul, varietas tahan"
Busuk Akar (Mangga),"mangga akar membusuk, tanaman layu mendadak","**(Penyebab: Phytophthora spp.)**

Langkah Penanganan:
Perbaiki drainase, fungisida tanah"
Penggerek Buah (Mangga),mangga buah berlubang kecil biji rusak,"**(Penyebab: Hypothenemus hampei)**

Langkah Penanganan:
Perangkap serangga, insektisida nabati"
Antraknosa (Mangga),mangga buah bercak hitam,"**(Penyebab: Colletotrichum gloeosporioides)**

Langkah Penanganan:
Gunakan insektisida biologis (Bt), pemasangan perangkap, dan pengendalian terpadu"
Wereng Mangga (Mangga),mangga daun menguning,"**(Penyebab: Idioscopus sp.)**

Langkah Penanganan:
Gunakan fungisida sistemik (difenokonazol), lakukan pemangkasan, dan sanitasi buah sakit"
Powdery Mildew (Embun Tepung) (Mawar),"mawar lapisan putih seperti bedak di daun, batang, dan bunga.","**(Penyebab: Lapisan putih seperti bedak di daun, batang, dan bunga)**

Langkah Penanganan:
Semprot fungisida sulfur atau kalium bikarbonat. Atur jarak tanam agar tidak terlalu lembap."
Black Spot (Bercak Hitam) (Mawar),"mawar bercak hitam lingkaran dengan tepi tidak rata, daun menguning dan gugur.","**(Penyebab: Bercak hitam lingkaran, daun menguning dan gugur)**

Langkah Penanganan:
Buang daun terinfeksi, pangkas tanaman yang terlalu rimbun, hindari penyiraman overhead."
Antraknosa (Melon),melon daun berwarna kuning daun mengalami kelayuan batang mengalami pembusukan,"**(Penyebab: Jamur Colletotrichum gloeosporioides)**

Langkah Penanganan:
Penyemprotan fungisida, sanitasi kebun, dan pemangkasan bagian tanaman yang terinfeksi"
Bercak Daun (Melon),melon daun tetap hijau terdapat bercak pada daun batang mengalami pembusukan,"**(Penyebab: Jamur Alternaria spp.)**

Langkah Penanganan:
Penyemprotan fungisida"
Busuk Buah Botrytis (Melon),melon daun berwarna kuning terdapat bercak pada daun batang mengalami pembusukan,"**(Penyebab: Jamur Botrytis cinerea)**

Langkah Penanganan:
Gunakan fungisida dan kurangi kelembapan"
Busuk Hitam (Melon),"melon daun berwarna kuning, daun mengalami kelayuan, batang mengalami pembusukan, pertumbuhan tanaman terhambat","**(Penyebab: Jamur Alternaria spp.)**

Langkah Penanganan:
Fungisida dan sanitasi kebun"
Bercak Daun Cercospora (Melon),"melon daun berwarna kuning, terdapat bercak pada daun, batang mengalami pembusukan","**(Penyebab: Jamur Cercospora spp.)**

Langkah Penanganan:
Gunakan fungisida"
Embun Tepung (Melon),"melon daun berwarna kuning, daun mengalami kelayuan, batang mengalami pembusukan, pertumbuhan tanaman terhambat","**(Penyebab: Jamur Erysiphe spp.)**

Langkah Penanganan:
Gunakan fungisida sulfur"
Karat Daun (Melon),melon daun berwarna kuning daun mengalami kelayuan batang mengalami pembusukan pertumbuhan tanaman terhambat,"**(Penyebab: Jamur karat daun)**

Langkah Penanganan:
Fungisida dan sanitasi kebun"
Busuk Hitam (Melon),melon daun berwarna kuning terdapat bercak pada daun pertumbuhan tanaman terhambat,"**(Penyebab: jamur Didymella bryoniae)**

Langkah Penanganan:
rotasi tanaman, sanitasi kebun, pengaturan kelembapan, fungisida"
Layu Bakteri (Melon),"melon terdapat bercak pada daun, daun mengalami kelayuan, pertumbuhan tanaman terhambat","**(Penyebab: bakteri Ralstonia solanacearum)**

Langkah Penanganan:
penggunaan bibit sehat, rotasi tanaman, sanitasi kebun, bakterisida"
Busuk Hitam (Melon),"melon daun berwarna kuning, daun mengalami kelayuan, batang mengalami pembusukan, pertumbuhan tanaman terhambat","**(Penyebab: jamur Didymella bryoniae)**

Langkah Penanganan:
rotasi tanaman, sanitasi kebun, pengaturan kelembapan, fungisida"
Karat Daun (Melon),melon terdapat bercak pada daun pertumbuhan tanaman terhambat,"**(Penyebab: jamur Puccinia spp.)**

Langkah Penanganan:
sanitasi kebun, rotasi tanaman, varietas tahan, fungisida"
Antraknosa (Melon),melon terdapat bercak pada daun daun mengalami kelayuan pertumbuhan tanaman terhambat,"**(Penyebab: jamur Colletotrichum lagenarium)**

Langkah Penanganan:
rotasi tanaman, sanitasi kebun, penggunaan benih sehat, fungisida"
Jamur Upas (Melon),melon daun tetap hijau terdapat bercak pada daun daun mengalami kelayuan batang mengalami pembusukan,"**(Penyebab: jamur Upasia salmonicolor)**

Langkah Penanganan:
pemangkasan bagian sakit, sanitasi kebun, menjaga kelembapan, fungisida"
Busuk Lunak (Melon),melon terdapat bercak pada daun,"**(Penyebab: Bakteri Erwinia carotovora)**

Langkah Penanganan:
Sanitasi tanaman, drainase baik, bakterisida"
Busuk Akar (Melon),melon daun tetap hijau terdapat bercak pada daun daun mengalami kelayuan pertumbuhan tanaman terhambat,"**(Penyebab: Jamur Pythium spp.)**

Langkah Penanganan:
Perbaiki drainase, rotasi tanaman, fungisida"
Antraknosa (Melon),melon daun tetap hijau batang mengalami pembusukan pertumbuhan tanaman terhambat,"**(Penyebab: Jamur Colletotrichum lagenarium)**

Langkah Penanganan:
Sanitasi tanaman, rotasi tanaman, fungisida"
Bercak Daun Cercospora (Melon),melon daun berwarna kuning terdapat bercak pada daun pertumbuhan tanaman terhambat,"**(Penyebab: Jamur Cercospora citrullina)**

Langkah Penanganan:
Sanitasi daun sakit, fungisida"
Busuk Akar (Melon),melon daun tetap hijau daun mengalami kelayuan batang mengalami pembusukan,"**(Penyebab: Jamur Pythium spp.)**

Langkah Penanganan:
Drainase baik, rotasi tanaman"
Layu Bakteri (Melon),melon daun tetap hijau batang mengalami pembusukan,"**(Penyebab: Bakteri Erwinia tracheiphila)**

Langkah Penanganan:
pengendalian serangga vektor, sanitasi tanaman sakit, rotasi tanaman, varietas tahan"
Busuk Hitam (Melon),melon daun mengalami kelayuan,"**(Penyebab: Jamur Aspergillus niger)**

Langkah Penanganan:
sanitasi buah sakit, rotasi tanaman, fungisida mankozeb"
Bercak Daun (Melon),melon terdapat bercak pada daun batang mengalami pembusukan pertumbuhan tanaman terhamba,"**(Penyebab: Jamur Cercospora citrullina)**

Langkah Penanganan:
sanitasi daun sakit, rotasi tanaman, fungisida klorotalonil"
Embun Bulu (Melon),melon daun kuning berbulu,"**(Penyebab: Pseudoperonospora cubensis)**

Langkah Penanganan:
Gunakan insektisida (imidakloprid), lakukan monitoring rutin, dan kendalikan populasi hama"
Antraknosa (Melon),melon buah bercak,"**(Penyebab: Colletotrichum lagenarium)**

Langkah Penanganan:
Gunakan fungisida (metalaksil), kurangi kelembaban, dan perbaiki sirkulasi udara"
Powdery Mildew (Embun Tepung) (Mentimun),"timun lapisan putih seperti bedak di daun, batang, dan bunga.","**(Penyebab: Lapisan putih seperti bedak di daun, batang, dan bunga)**

Langkah Penanganan:
Semprot fungisida sulfur atau kalium bikarbonat. Atur jarak tanam agar tidak terlalu lembap."
Busuk Lunak (Padi),padi daun coklat,"**(Penyebab: Bakteri pembusuk jaringan tanaman)**

Langkah Penanganan:
Gunakan benih sehat dan sanitasi lahan"
Karat Daun (Padi),padi daun mengalami kelayuan batang mengalami pembusukan,"**(Penyebab: Jamur karat)**

Langkah Penanganan:
Gunakan varietas tahan penyakit"
Antraknosa (Padi),padi terdapat bercak pada daun daun mengalami kelayuan batang mengalami pembusukan,"**(Penyebab: Jamur Colletotrichum spp.)**

Langkah Penanganan:
Fungisida dan rotasi tanaman"
Embun Tepung (Padi),padi daun tetap hijau,"**(Penyebab: jamur Erysiphe spp.)**

Langkah Penanganan:
varietas tahan, pengaturan jarak tanam, sanitasi lahan, fungisida"
Karat Daun (Padi),padi daun tetap hijau terdapat bercak pada daun daun mengalami kelayuan batang mengalami pembusukan pertumbuhan tanaman terhambat,"**(Penyebab: jamur Puccinia spp.)**

Langkah Penanganan:
varietas tahan, sanitasi lahan, rotasi tanaman, fungisida"
Busuk Hitam (Padi),padi daun tetap hijau terdapat bercak pada daun daun mengalami kelayuan batang mengalami pembusukan,"**(Penyebab: bakteri Pectobacterium spp.)**

Langkah Penanganan:
sanitasi lahan, penggunaan bibit sehat, pengaturan air, bakterisida"
Busuk Buah Botrytis (Padi),pagi daun tetap hijau,"**(Penyebab: jamur Botrytis cinerea)**

Langkah Penanganan:
sanitasi tanaman sakit, pengaturan kelembapan, rotasi tanaman, fungisida"
Busuk Akar Phytophthora (Padi),padi daun berwarna kuning batang mengalami pembusukan,"**(Penyebab: jamur air Phytophthora spp.)**

Langkah Penanganan:
drainase baik, rotasi tanaman, sanitasi lahan, fungisida"
Bercak Daun Cercospora (Padi),padi daun berwarna kuning daun mengalami kelayuan,"**(Penyebab: jamur Cercospora oryzae)**

Langkah Penanganan:
sanitasi lahan, varietas tahan, rotasi tanaman, fungisida"
Karat Daun (Padi),padi daun tetap hijau batang mengalami pembusukan,"**(Penyebab: jamur Puccinia spp.)**

Langkah Penanganan:
varietas tahan, sanitasi lahan, fungisida"
Antraknosa (Padi),"padi daun tetap hijau, terdapat bercak pada daun, daun mengalami kelayuan, batang mengalami pembusukan","**(Penyebab: Jamur Colletotrichum spp.)**

Langkah Penanganan:
Sanitasi lahan, rotasi tanaman, pengaturan kelembapan, fungisida"
Karat Daun (Padi),"padi daun berwarna kuning, batang mengalami pembusukan","**(Penyebab: Jamur Puccinia spp.)**

Langkah Penanganan:
Gunakan varietas tahan, pemupukan seimbang, fungisida"
Busuk Akar (Padi),"padi  daun berwarna kuning, daun mengalami kelayuan","**(Penyebab: Jamur Rhizoctonia solani)**

Langkah Penanganan:
Drainase baik, rotasi tanaman, fungisida"
Bercak Daun Cercospora (Padi),"padi  daun berwarna kuning, daun mengalami kelayuan","**(Penyebab: Jamur Cercospora oryzae)**

Langkah Penanganan:
Sanitasi lahan, fungisida"
Antraknosa (Padi),"padi  daun tetap hijau, terdapat bercak pada daun, daun mengalami kelayuan, batang mengalami pembusukan","**(Penyebab: Jamur Colletotrichum spp.)**

Langkah Penanganan:
Sanitasi lahan, fungisida"
Karat Daun (Padi),"padi  daun berwarna kuning, batang mengalami pembusukan","**(Penyebab: Jamur Puccinia spp.)**

Langkah Penanganan:
Varietas tahan, fungisida"
Busuk Buah Botrytis (Padi),padi daun tetap hijau batang mengalami pembusukan,"**(Penyebab: Jamur Botrytis cinerea)**

Langkah Penanganan:
pengaturan jarak tanam, pengurangan kelembaban lahan, sanitasi sisa tanaman, fungisida iprodione atau mankozeb"
Bercak Daun Cercospora (Padi),padi daun tetap hijau terdapat bercak pada daun daun mengalami kelayuan batang mengalami pembusukan,"**(Penyebab: Jamur Cercospora oryzae)**

Langkah Penanganan:
rotasi tanaman, sanitasi lahan, fungisida mankozeb"
Bercak Daun Cercospora (Padi),padi daun mengalami kelayuan batang mengalami pembusukan pertumbuhan tanaman terhambat,"**(Penyebab: Jamur Cercospora oryzae)**

Langkah Penanganan:
rotasi tanaman, sanitasi lahan, fungisida mankozeb"
Blas (Padi),padi daun mengalami kelayuan batang mengalami pembusukan,"**(Penyebab: Jamur Magnaporthe oryzae)**

Langkah Penanganan:
Gunakan varietas tahan, fungisida, perbaikan drainase"
Wereng Batang Coklat (Padi),padi daun bercak coklat berbentuk belah ketupat,"**(Penyebab: Nilaparvata lugens)**

Langkah Penanganan:
Gunakan insektisida selektif, varietas tahan"
Ulat Grayak (Padi),padi daun menguning lalu mengering,"**(Penyebab: Spodoptera litura)**

Langkah Penanganan:
Gunakan insektisida biologis, perangkap feromon"
Layu Fusarium (Padi),padi daun berlubang tidak beraturan,"**(Penyebab: Fusarium oxysporum)**

Langkah Penanganan:
Solarisasi tanah, fungisida, varietas tahan"
Antraknosa (Padi),padi daun layu dari bawah ke atas,"**(Penyebab: Colletotrichum capsici)**

Langkah Penanganan:
Fungisida, panen cepat, rotasi tanaman"
Busuk Buah (Padi),padi buah coklat kehitaman busuk lembek,"**(Penyebab: Phytophthora palmivora)**

Langkah Penanganan:
Pangkas buah sakit, fungisida, drainase baik"
Karat Daun (Padi),padi daun bercak kuning oranye,"**(Penyebab: Hemileia vastatrix)**

Langkah Penanganan:
Fungisida tembaga, pangkas daun sakit"
Virus Kuning (Padi),padi daun keriting kerdil berubah kuning,"**(Penyebab: Virus Gemini via kutu kebul)**

Langkah Penanganan:
Kendalikan kutu kebul, varietas tahan"
Busuk Akar (Padi),padi akar membusuk tanaman layu mendadak,"**(Penyebab: Phytophthora spp.)**

Langkah Penanganan:
Perbaiki drainase, fungisida tanah"
Penggerek Buah (Padi),padi buah berlubang kecil biji rusak,"**(Penyebab: Hypothenemus hampei)**

Langkah Penanganan:
Perangkap serangga, insektisida nabati"
Blas (Padi),padi daun seperti terbakar,"**(Penyebab: Pyricularia oryzae)**

Langkah Penanganan:
Gunakan fungisida, lakukan rotasi tanaman, dan sanitasi kebun"
Hawar Daun (Padi),padi daun mengering,"**(Penyebab: Xanthomonas oryzae)**

Langkah Penanganan:
Gunakan varietas tahan, aplikasi fungisida (triazol), dan pemupukan seimbang"
Wereng Coklat (Padi),padi tanaman menguning dan kering,"**(Penyebab: Nilaparvata lugens)**

Langkah Penanganan:
Gunakan varietas tahan, sanitasi lahan, dan aplikasi bakterisida bila diperlukan"
Bercak Daun (Pepaya),"pepaya daun berwarna kuning, terdapat bercak pada daun, batang mengalami pembusukan, pertumbuhan tanaman terhambat","**(Penyebab: Alternaria alternata)**

Langkah Penanganan:
Penyemprotan fungisida, membuang daun terinfeksi, dan menjaga sirkulasi udara"
Embun Tepung (Pepaya),"pepaya daun tetap hijau, terdapat bercak pada daun, batang mengalami pembusukan","**(Penyebab: Jamur Erysiphe cichoracearum)**

Langkah Penanganan:
Penyemprotan fungisida sulfur dan pengurangan kelembaban"
Layu Bakteri (Pepaya),pepaya daun mengalami kelayuan,"**(Penyebab: Bakteri Ralstonia solanacearum)**

Langkah Penanganan:
Sanitasi lahan, rotasi tanaman, dan penggunaan bibit seha"
Busuk Lunak (Pepaya),pepaya terdapat bercak pada daun,"**(Penyebab: Bakteri Erwinia carotovora)**

Langkah Penanganan:
Buang bagian tanaman terinfeksi, kurangi kelembapan, gunakan bakterisida"
Busuk Lunak (Pepaya),"pepaya daun tetap hijau, terdapat bercak pada daun, daun mengalami kelayuan, batang mengalami pembusukan, pertumbuhan tanaman terhambat","**(Penyebab: Bakteri Erwinia carotovora)**

Langkah Penanganan:
Sanitasi kebun dan bakterisida"
Bercak Daun (Pepaya),pepaya daun tetap hijau,"**(Penyebab: jamur Cercospora papayae)**

Langkah Penanganan:
sanitasi daun sakit, rotasi tanaman, menjaga kelembapan, fungisida"
Layu Fusarium (Pepaya),pepaya daun tetap hijau,"**(Penyebab: jamur Fusarium oxysporum)**

Langkah Penanganan:
rotasi tanaman, bibit sehat, drainase baik, fungisida"
Embun Tepung (Pepaya),"pepaya daun mengalami kelayuan, batang mengalami pembusukan","**(Penyebab: jamur Oidium caricae)**

Langkah Penanganan:
sanitasi daun sakit, sirkulasi udara baik, pengaturan kelembapan, fungisida"
Hawar Daun Bakteri (Pepaya),"pepaya daun tetap hijau, pertumbuhan tanaman terhambat","**(Penyebab: bakteri Xanthomonas spp.)**

Langkah Penanganan:
benih sehat, sanitasi kebun, rotasi tanaman, bakterisida"
Antraknosa (Pepaya),"pepaya daun tetap hijau, terdapat bercak pada daun, batang mengalami pembusukan","**(Penyebab: jamur Colletotrichum gloeosporioides)**

Langkah Penanganan:
sanitasi tanaman, pemangkasan, fungisida"
Antraknosa (Pepaya),"pepaya daun mengalami kelayuan, batang mengalami pembusukan, pertumbuhan tanaman terhambat","**(Penyebab: Jamur Colletotrichum gloeosporioides)**

Langkah Penanganan:
Sanitasi tanaman, fungisida, rotasi tanaman"
Karat Daun (Pepaya),pepaya daun berwarna coklat,"**(Penyebab: Jamur Puccinia spp.)**

Langkah Penanganan:
Sanitasi daun sakit, fungisida"
Bercak Daun Cercospora (Pepaya),"pepaya terdapat bercak pada daun, daun mengalami kelayuan","**(Penyebab: Jamur Cercospora papayae)**

Langkah Penanganan:
sanitasi daun sakit, pengaturan jarak tanam, fungisida mankozeb"
Blas (Pepaya),pepaya daun bercak coklat berbentuk belah ketupat,"**(Penyebab: Jamur Magnaporthe oryzae)**

Langkah Penanganan:
Gunakan varietas tahan, fungisida, perbaikan drainase"
Wereng Batang Coklat (Pepaya),pepaya daun menguning lalu mengering,"**(Penyebab: Nilaparvata lugens)**

Langkah Penanganan:
Gunakan insektisida selektif, varietas tahan"
Ulat Grayak (Pepaya),pepaya daun berlubang tidak beraturan,"**(Penyebab: Spodoptera litura)**

Langkah Penanganan:
Gunakan insektisida biologis, perangkap feromon"
Layu Fusarium (Pepaya),pepaya daun layu dari bawah ke atas,"**(Penyebab: Fusarium oxysporum)**

Langkah Penanganan:
Solarisasi tanah, fungisida, varietas tahan"
Antraknosa (Pepaya),pepaya buah muncul bercak hitam cekung,"**(Penyebab: Colletotrichum capsici)**

Langkah Penanganan:
Fungisida, panen cepat, rotasi tanaman"
Busuk Buah (Pepaya),"pepaya buah coklat kehitaman, busuk lembek","**(Penyebab: Phytophthora palmivora)**

Langkah Penanganan:
Pangkas buah sakit, fungisida, drainase baik"
Karat Daun (Pepaya),pepaya daun bercak kuning-oranye,"**(Penyebab: Hemileia vastatrix)**

Langkah Penanganan:
Fungisida tembaga, pangkas daun sakit"
Virus Kuning (Pepaya),"pepaya daun keriting, kerdil, berubah kuning","**(Penyebab: Virus Gemini via kutu kebul)**

Langkah Penanganan:
Kendalikan kutu kebul, varietas tahan"
Busuk Akar (Pepaya),"pepaya akar membusuk, tanaman layu mendadak","**(Penyebab: Phytophthora spp.)**

Langkah Penanganan:
Perbaiki drainase, fungisida tanah"
Penggerek Buah (Pepaya),"pepaya buah berlubang kecil, biji rusak","**(Penyebab: Hypothenemus hampei)**

Langkah Penanganan:
Perangkap serangga, insektisida nabati"
Penyakit Lodoh (Pinus),pinus tanaman rebah,"**(Penyebab: Pythium sp.)**

Langkah Penanganan:
Gunakan insektisida selektif, tanam varietas tahan, dan terapkan pengendalian terpadu (PHT)"
Blas (Pisang),pisang daun bercak coklat berbentuk belah ketupat,"**(Penyebab: Jamur Magnaporthe oryzae)**

Langkah Penanganan:
Gunakan varietas tahan, fungisida, perbaikan drainase"
Wereng Batang Coklat (Pisang),pisang daun menguning lalu mengering,"**(Penyebab: Nilaparvata lugens)**

Langkah Penanganan:
Gunakan insektisida selektif, varietas tahan"
Ulat Grayak (Pisang),pisang daun berlubang tidak beraturan,"**(Penyebab: Spodoptera litura)**

Langkah Penanganan:
Gunakan insektisida biologis, perangkap feromon"
Layu Fusarium (Pisang),pisang daun layu dari bawah ke atas,"**(Penyebab: Fusarium oxysporum)**

Langkah Penanganan:
Solarisasi tanah, fungisida, varietas tahan"
Antraknosa (Pisang),pisang buah muncul bercak hitam cekung,"**(Penyebab: Colletotrichum capsici)**

Langkah Penanganan:
Fungisida, panen cepat, rotasi tanaman"
Busuk Buah (Pisang),"pisang buah coklat kehitaman, busuk lembek","**(Penyebab: Phytophthora palmivora)**

Langkah Penanganan:
Pangkas buah sakit, fungisida, drainase baik"
Karat Daun (Pisang),pisang daun bercak kuning-oranye,"**(Penyebab: Hemileia vastatrix)**

Langkah Penanganan:
Fungisida tembaga, pangkas daun sakit"
Virus Kuning (Pisang),"pisang daun keriting, kerdil, berubah kuning","**(Penyebab: Virus Gemini via kutu kebul)**

Langkah Penanganan:
Kendalikan kutu kebul, varietas tahan"
Busuk Akar (Pisang),"pisang akar membusuk, tanaman layu mendadak","**(Penyebab: Phytophthora spp.)**

Langkah Penanganan:
Perbaiki drainase, fungisida tanah"
Penggerek Buah (Pisang),"pisang buah berlubang kecil, biji rusak","**(Penyebab: Hypothenemus hampei)**

Langkah Penanganan:
Perangkap serangga, insektisida nabati"
Sigatoka (Pisang),pisang daun bercak memanjang,"**(Penyebab: Mycosphaerella musicola)**

Langkah Penanganan:
Gunakan fungisida tanah, perbaiki drainase, dan hindari kelembaban berlebih"
Fusarium Wilt (Layu Fusarium) (Pisang),"pisang tanaman layu cepat (sering satu sisi), jaringan vaskular coklat di dalam batang.","**(Penyebab: Layu cepat, pembuluh coklat)**

Langkah Penanganan:
Rotasi tanaman, tingkatkan pH tanah, gunakan varietas tahan, gunakan agens hayati Trichoderma."
Kutu Putih (Rambutan),rambutan daun lengket dan berjamur,"**(Penyebab: Pseudococcus lilacinus)**

Langkah Penanganan:
Gunakan fungisida, pangkas daun terinfeksi, dan atur jarak tanam"
Busuk Kaki (Salak),salak batang bawah membusuk,"**(Penyebab: Phytophthora parasitica)**

Langkah Penanganan:
Gunakan insektisida sistemik, bersihkan bagian terserang, dan kendalikan semut"
Embun Bulu (Sawi),sawi daun kuning berbulu,"**(Penyebab: Pseudoperonospora cubensis)**

Langkah Penanganan:
Perbaiki drainase, gunakan fungisida sistemik, dan hindari genangan air"
Antraknosa (Sawi),sawi daun bercak,"**(Penyebab: Colletotrichum lagenarium)**

Langkah Penanganan:
Gunakan fungisida, kurangi kelembaban, dan atur jarak tanam"
Downy Mildew (Embun Bulu) (Sayuran Daun),"sayuran daun bercak kuning di atas daun, lapisan kelabu keunguan di bawah daun.","**(Penyebab: Bercak kuning di atas daun, lapisan kelabu keunguan di bawah daun)**

Langkah Penanganan:
Kurangi kelembapan, gunakan fungisida berbahan aktif tembaga (copper-based)."
Downy Mildew (Embun Bulu) (Selada),"selada bercak kuning di atas daun, lapisan kelabu keunguan di bawah daun.","**(Penyebab: Bercak kuning di atas daun, lapisan kelabu keunguan di bawah daun)**

Langkah Penanganan:
Kurangi kelembapan, gunakan fungisida berbahan aktif tembaga (copper-based)."
Busuk Akar (Semangka),semangka daun berwarna kuning,"**(Penyebab: Jamur Rhizoctonia solani)**

Langkah Penanganan:
Perbaikan drainase tanah"
Bercak Daun Cercospora (Semangka),"semangka terdapat bercak pada daun, daun mengalami kelayuan, pertumbuhan tanaman terhambat","**(Penyebab: Jamur Cercospora spp.)**

Langkah Penanganan:
Fungisida dan sanitasi kebun"
Layu Bakteri (Semangka),semangka daun mengalami kelayuan,"**(Penyebab: Bakteri Ralstonia solanacearum)**

Langkah Penanganan:
Gunakan varietas tahan dan sanitasi lahan"
Karat Daun (Semangka),"semangka daun tetap hijau, pertumbuhan tanaman terhambat","**(Penyebab: jamur Puccinia spp.)**

Langkah Penanganan:
sanitasi kebun, rotasi tanaman, varietas tahan, fungisida"
Jamur Upas (Semangka),"semangka daun tetap hijau, terdapat bercak pada daun, pertumbuhan tanaman terhambat","**(Penyebab: jamur Upasia salmonicolor)**

Langkah Penanganan:
pemangkasan bagian sakit, sanitasi kebun, menjaga kelembapan, fungisida"
Busuk Lunak (Semangka),"semangka daun tetap hijau, terdapat bercak pada daun, daun mengalami kelayuan, pertumbuhan tanaman terhambat","**(Penyebab: bakteri Pectobacterium carotovorum)**

Langkah Penanganan:
sanitasi kebun, pengaturan kelembapan, penggunaan bibit sehat, bakterisida"
Busuk Akar Phytophthora (Semangka),"semangka daun berwarna kuning, daun mengalami kelayuan, batang mengalami pembusukan","**(Penyebab: jamur air Phytophthora capsici)**

Langkah Penanganan:
drainase baik, penggunaan mulsa, rotasi tanaman, fungisida"
Busuk Lunak (Semangka),"semangka daun tetap hijau, terdapat bercak pada daun, daun mengalami kelayuan, pertumbuhan tanaman terhambat","**(Penyebab: bakteri Pectobacterium carotovorum)**

Langkah Penanganan:
sanitasi kebun, pengaturan kelembapan, bibit sehat, bakterisida"
Layu Fusarium (Semangka),"semangka daun tetap hijau, terdapat bercak pada daun, daun mengalami kelayuan, batang mengalami pembusukan, pertumbuhan tanaman terhambat","**(Penyebab: jamur Fusarium oxysporum)**

Langkah Penanganan:
rotasi tanaman, varietas tahan, sanitasi lahan, fungisida"
Layu Bakteri (Semangka),"semangka daun berwarna kuning, daun mengalami kelayuan, batang mengalami pembusukan, pertumbuhan tanaman terhambat","**(Penyebab: bakteri Ralstonia solanacearum)**

Langkah Penanganan:
bibit sehat, rotasi tanaman, sanitasi lahan, bakterisida"
Layu Fusarium (Semangka),"semangka daun tetap hijau, terdapat bercak pada daun, daun mengalami kelayuan, batang mengalami pembusukan, pertumbuhan tanaman terhambat","**(Penyebab: jamur Fusarium oxysporum)**

Langkah Penanganan:
rotasi tanaman, varietas tahan, fungisida"
Bercak Daun (Semangka),"semangka daun berwarna kuning, batang mengalami pembusukan, pertumbuhan tanaman terhambat","**(Penyebab: Jamur Cercospora citrullina)**

Langkah Penanganan:
sanitasi tanaman sakit, rotasi tanaman, pengaturan kelembaban kebun, fungisida klorotalonil atau mankozeb"
Karat Daun (Semangka),semangka daun mengalami kelayuan,"**(Penyebab: Jamur Puccinia spp.)**

Langkah Penanganan:
sanitasi tanaman sakit, pengurangan kelembaban kebun, fungisida mankozeb atau propikonazol"
Busuk Lunak (Semangka),"semangkadaun tetap hijau, terdapat bercak pada daun, daun mengalami kelayuan, batang mengalami pembusukan, pertumbuhan tanaman terhambat","**(Penyebab: Bakteri Erwinia carotovora)**

Langkah Penanganan:
sanitasi kebun, pengaturan kelembaban, bakterisida tembaga"
Busuk Hitam (Semangka),"semangka daun berwarna kuning, daun mengalami kelayuan, pertumbuhan tanaman terhambat","**(Penyebab: Jamur Aspergillus niger)**

Langkah Penanganan:
sanitasi buah sakit, rotasi tanaman, fungisida mankozeb"
Blas (Semangka),semangka daun bercak coklat berbentuk belah ketupat,"**(Penyebab: Jamur Magnaporthe oryzae)**

Langkah Penanganan:
Gunakan varietas tahan, fungisida, perbaikan drainase"
Wereng Batang Coklat (Semangka),semangka daun menguning lalu mengering,"**(Penyebab: Nilaparvata lugens)**

Langkah Penanganan:
Gunakan insektisida selektif, varietas tahan"
Ulat Grayak (Semangka),semangka daun berlubang tidak beraturan,"**(Penyebab: Spodoptera litura)**

Langkah Penanganan:
Gunakan insektisida biologis, perangkap feromon"
Layu Fusarium (Semangka),semangka daun layu dari bawah ke atas,"**(Penyebab: Fusarium oxysporum)**

Langkah Penanganan:
Solarisasi tanah, fungisida, varietas tahan"
Antraknosa (Semangka),semangka buah muncul bercak hitam cekung,"**(Penyebab: Colletotrichum capsici)**

Langkah Penanganan:
Fungisida, panen cepat, rotasi tanaman"
Busuk Buah (Semangka),"semangka buah coklat kehitaman, busuk lembek","**(Penyebab: Phytophthora palmivora)**

Langkah Penanganan:
Pangkas buah sakit, fungisida, drainase baik"
Karat Daun (Semangka),semangka daun bercak kuning-oranye,"**(Penyebab: Hemileia vastatrix)**

Langkah Penanganan:
Fungisida tembaga, pangkas daun sakit"
Virus Kuning (Semangka),"semangka daun keriting, kerdil, berubah kuning","**(Penyebab: Virus Gemini via kutu kebul)**

Langkah Penanganan:
Kendalikan kutu kebul, varietas tahan"
Busuk Akar (Semangka),"semangka akar membusuk, tanaman layu mendadak","**(Penyebab: Phytophthora spp.)**

Langkah Penanganan:
Perbaiki drainase, fungisida tanah"
Penggerek Buah (Semangka),"semangka buah berlubang kecil, biji rusak","**(Penyebab: Hypothenemus hampei)**

Langkah Penanganan:
Perangkap serangga, insektisida nabati"
Embun Bulu (Semangka),semangka daun berbulu putih,"**(Penyebab: Pseudoperonospora cubensis)**

Langkah Penanganan:
Gunakan fungisida, sanitasi lahan, dan rotasi tanaman"
Antraknosa (Semangka),semangka buah bercak cekung,"**(Penyebab: Colletotrichum lagenarium)**

Langkah Penanganan:
Gunakan fungisida, perbaiki sirkulasi udara, dan kurangi kelembaban"
Busuk Akar Phytophthora (Singkong),"singkong  daun tetap hijau, batang mengalami pembusukan, pertumbuhan tanaman terhambat","**(Penyebab: Jamur Phytophthora palmivora)**

Langkah Penanganan:
Perbaikan drainase tanah, hindari genangan air, dan penggunaan fungisida sistemik"
Busuk Hitam (Singkong),"singkong  daun tetap hijau, daun mengalami kelayuan","**(Penyebab: Bakteri Xanthomonas campestris)**

Langkah Penanganan:
Rotasi tanaman dan penggunaan benih sehat"
Layu Fusarium (Singkong),singkong  daun tetap hijau,"**(Penyebab: Jamur Fusarium oxysporum)**

Langkah Penanganan:
Rotasi tanaman dan varietas tahan"
Bercak Daun (Singkong),"singkong  daun berwarna kuning, terdapat bercak pada daun, daun mengalami kelayuan, pertumbuhan tanaman terhambat","**(Penyebab: Jamur Alternaria spp.)**

Langkah Penanganan:
Fungisida dan sanitasi kebun"
Layu Fusarium (Singkong),singkong  batang mengalami pembusukan,"**(Penyebab: Jamur Fusarium oxysporum)**

Langkah Penanganan:
Rotasi tanaman dan fungisida"
Antraknosa (Singkong),"singkong  daun berwarna kuning, batang mengalami pembusukan","**(Penyebab: Jamur Colletotrichum spp.)**

Langkah Penanganan:
Fungisida dan rotasi tanaman"
Karat Daun (Singkong),"singkong  daun berwarna kuning, terdapat bercak pada daun, daun mengalami kelayuan, batang mengalami pembusukan","**(Penyebab: Jamur karat daun)**

Langkah Penanganan:
Semprot fungisida"
Bercak Daun (Singkong),"singkong  daun tetap hijau, batang mengalami pembusukan, pertumbuhan tanaman terhambat","**(Penyebab: jamur Cercospora henningsii)**

Langkah Penanganan:
sanitasi daun sakit, rotasi tanaman, penggunaan varietas tahan, fungisida"
Bercak Daun Cercospora (Singkong),"singkong  daun tetap hijau, daun mengalami kelayuan","**(Penyebab: jamur Cercospora henningsii)**

Langkah Penanganan:
sanitasi daun sakit, rotasi tanaman, varietas tahan, fungisida"
Embun Tepung (Singkong),"singkong  terdapat bercak pada daun, daun mengalami kelayuan","**(Penyebab: jamur Oidium manihotis)**

Langkah Penanganan:
sanitasi daun sakit, sirkulasi udara baik, rotasi tanaman, fungisida"
Antraknosa (Singkong),"singkong  daun berwarna kuning, batang mengalami pembusukan","**(Penyebab: Jamur Colletotrichum gloeosporioides)**

Langkah Penanganan:
Sanitasi tanaman, fungisida, varietas tahan"
Antraknosa (Singkong),"singkong  daun berwarna kuning, daun mengalami kelayuan, pertumbuhan tanaman terhambat","**(Penyebab: Jamur Colletotrichum gloeosporioides)**

Langkah Penanganan:
sanitasi tanaman sakit, varietas tahan, rotasi tanaman, fungisida mankozeb"
Busuk Buah Botrytis (Singkong),"singkong  daun berwarna kuning, terdapat bercak pada daun, daun mengalami kelayuan, batang mengalami pembusukan, pertumbuhan tanaman terhambat","**(Penyebab: Jamur Botrytis cinerea)**

Langkah Penanganan:
sanitasi tanaman sakit, pengaturan kelembaban, fungisida iprodione atau mankozeb"
Layu Fusarium (Singkong),"singkong  daun tetap hijau, daun mengalami kelayuan, batang mengalami pembusukan, pertumbuhan tanaman terhambat","**(Penyebab: Jamur Fusarium oxysporum)**

Langkah Penanganan:
rotasi tanaman, bibit sehat, solarisasi tanah, agen hayati Trichoderma"
Busuk Akar Phytophthora (Singkong),"singkong  daun tetap hijau, terdapat bercak pada daun, batang mengalami pembusukan","**(Penyebab: Jamur Phytophthora palmivora)**

Langkah Penanganan:
perbaikan drainase tanah, sanitasi tanaman sakit, fungisida metalaksil"
Blas (Singkong),singkong  daun bercak coklat berbentuk belah ketupat,"**(Penyebab: Jamur Magnaporthe oryzae)**

Langkah Penanganan:
Gunakan varietas tahan, fungisida, perbaikan drainase"
Wereng Batang Coklat (Singkong),singkong  daun menguning lalu mengering,"**(Penyebab: Nilaparvata lugens)**

Langkah Penanganan:
Gunakan insektisida selektif, varietas tahan"
Ulat Grayak (Singkong),singkong  daun berlubang tidak beraturan,"**(Penyebab: Spodoptera litura)**

Langkah Penanganan:
Gunakan insektisida biologis, perangkap feromon"
Layu Fusarium (Singkong),singkong  daun layu dari bawah ke atas,"**(Penyebab: Fusarium oxysporum)**

Langkah Penanganan:
Solarisasi tanah, fungisida, varietas tahan"
Antraknosa (Singkong),singkong  buah muncul bercak hitam cekung,"**(Penyebab: Colletotrichum capsici)**

Langkah Penanganan:
Fungisida, panen cepat, rotasi tanaman"
Busuk Buah (Singkong),"singkong  buah coklat kehitaman, busuk lembek","**(Penyebab: Phytophthora palmivora)**

Langkah Penanganan:
Pangkas buah sakit, fungisida, drainase baik"
Karat Daun (Singkong),singkong  daun bercak kuning-oranye,"**(Penyebab: Hemileia vastatrix)**

Langkah Penanganan:
Fungisida tembaga, pangkas daun sakit"
Virus Kuning (Singkong),"singkong  daun keriting, kerdil, berubah kuning","**(Penyebab: Virus Gemini via kutu kebul)**

Langkah Penanganan:
Kendalikan kutu kebul, varietas tahan"
Busuk Akar (Singkong),"singkong  akar membusuk, tanaman layu mendadak","**(Penyebab: Phytophthora spp.)**

Langkah Penanganan:
Perbaiki drainase, fungisida tanah"
Penggerek Buah (Singkong),"singkong buah berlubang kecil, biji rusak","**(Penyebab: Hypothenemus hampei)**

Langkah Penanganan:
Perangkap serangga, insektisida nabati"
Busuk Lunak (Stroberi),"stroberi daun berwarna kuning, daun mengalami kelayuan, batang mengalami pembusukan, pertumbuhan tanaman terhambat","**(Penyebab: Bakteri Pectobacterium carotovorum)**

Langkah Penanganan:
Sanitasi tanaman, buang bagian terinfeksi, perbaiki drainase, gunakan bibit sehat, aplikasi bakterisida"
Bercak Lunak (Stroberi),"stroberi daun berwarna kuning, terdapat bercak pada daun","**(Penyebab: Bakteri Pectobacterium carotovorum)**

Langkah Penanganan:
Sanitasi tanaman dan bakterisida"
Karat Daun (Stroberi),"stroberi daun tetap hijau, terdapat bercak pada daun, batang mengalami pembusukan","**(Penyebab: Jamur karat daun)**

Langkah Penanganan:
Pangkas daun sakit, gunakan fungisida"
Hawar Daun Bakteri (Stroberi),"stroberi daun berwarna kuning, terdapat bercak pada daun, daun mengalami kelayuan, batang mengalami pembusukan, pertumbuhan tanaman terhambat","**(Penyebab: Bakteri patogen daun)**

Langkah Penanganan:
Gunakan bakterisida"
Layu Fusarium (Stroberi),"stroberi daun berwarna kuning, daun mengalami kelayuan","**(Penyebab: Jamur Fusarium oxysporum)**

Langkah Penanganan:
Rotasi tanaman dan fungisida"
Hawar Daun Bakteri (Stroberi),"stroberi daun tetap hijau, terdapat bercak pada daun, daun mengalami kelayuan","**(Penyebab: Bakteri Xanthomonas spp.)**

Langkah Penanganan:
Gunakan bibit sehat, sanitasi tanaman, bakterisida"
Busuk Lunak (Stroberi),"stroberi batang mengalami pembusukan, pertumbuhan tanaman terhambat","**(Penyebab: Bakteri Erwinia carotovora)**

Langkah Penanganan:
Drainase baik, sanitasi tanaman"
Hawar Daun Bakteri (Stroberi),"stroberi daun tetap hijau, terdapat bercak pada daun, daun mengalami kelayuan","**(Penyebab: Bakteri Xanthomonas spp.)**

Langkah Penanganan:
Bibit sehat, bakterisida"
Bercak Daun (Stroberi),stroberi daun bercak coklat,"**(Penyebab: Mycosphaerella fragariae)**

Langkah Penanganan:
Gunakan fungisida, sanitasi kebun, dan rotasi tanaman"
Kapang Kelabu (Stroberi),stroberi buah berjamur abu-abu,"**(Penyebab: Botrytis cinerea)**

Langkah Penanganan:
Gunakan fungisida (iprodione/klorotalonil), kurangi kelembaban, lakukan sanitasi buah terinfeksi, dan atur jarak tanam"
Black Spot (Bercak Hitam) (Tanaman Hias),"tanaman hias memiliki bercak hitam lingkaran dengan tepi tidak rata, daun menguning dan gugur.","**(Penyebab: Bercak hitam lingkaran, daun menguning dan gugur)**

Langkah Penanganan:
Buang daun terinfeksi, pangkas tanaman yang terlalu rimbun, hindari penyiraman overhead."
Sooty Mold (Embun Jelaga) (Tanaman Hias),tanaman hias lapisan hitam seperti jelaga di permukaan daun (akibat kutu).,"**(Penyebab: Lapisan hitam seperti jelaga)**

Langkah Penanganan:
Kendalikan hama penghisap (kutu kebul/kutu daun) yang menghasilkan embun madu."
Jamur Upas (Tebu),tebu pertumbuhan tanaman terhambat,"**(Penyebab: Jamur Upasia salmonicolor)**

Langkah Penanganan:
Pangkas cabang terinfeksi, sanitasi kebun, dan fungisida"
Embun Tepung (Tebu),"stroberi tebu daun tetap hijau, pertumbuhan tanaman terhambat","**(Penyebab: Jamur Erysiphe spp.)**

Langkah Penanganan:
Semprot fungisida sulfur dan kurangi kelembaban"
Busuk Hitam (Tebu),tebu terdapat bercak pada daun,"**(Penyebab: Bakteri Xanthomonas campestris)**

Langkah Penanganan:
Rotasi tanaman dan sanitasi"
Hawar Daun Bakteri (Tebu),"tebu daun tetap hijau, batang mengalami pembusukan","**(Penyebab: Jamur Botrytis cinerea)**

Langkah Penanganan:
Kurangi kelembaban dan gunakan fungisida"
Hawar Daun Bakteri (Tebu),"tebu terdapat bercak pada daun, batang mengalami pembusukan, pertumbuhan tanaman terhambat","**(Penyebab: Bakteri Xanthomonas albilineans)**

Langkah Penanganan:
Gunakan varietas tahan dan sanitasi kebun"
Busuk Akar Phytophthora (Tebu),"tebu daun tetap hijau, daun mengalami kelayuan, batang mengalami pembusukan","**(Penyebab: Jamur Phytophthora spp.)**

Langkah Penanganan:
Drainase tanah baik dan fungisida"
Bercak Daun (Tebu),"tebu terdapat bercak pada daun, batang mengalami pembusukan","**(Penyebab: jamur Cercospora spp.)**

Langkah Penanganan:
sanitasi daun sakit, rotasi tanaman, varietas tahan, fungisida"
Embun Tepung (Tebu),"tebu terdapat bercak pada daun, daun mengalami kelayuan, pertumbuhan tanaman terhambat","**(Penyebab: jamur Erysiphe spp.)**

Langkah Penanganan:
sanitasi kebun, rotasi tanaman, menjaga sirkulasi udara, fungisida"
Jamur Upas (Tebu),"tebu daun berwarna kuning, pertumbuhan tanaman terhambat","**(Penyebab: jamur Upasia salmonicolor)**

Langkah Penanganan:
pemangkasan bagian terinfeksi, sanitasi kebun, fungisida, pengaturan kelembapan"
Busuk Akar (Tebu),"tebu daun berwarna kuning, terdapat bercak pada daun, pertumbuhan tanaman terhambat","**(Penyebab: jamur Rhizoctonia solani)**

Langkah Penanganan:
rotasi tanaman, sanitasi lahan, drainase baik, fungisida"
Busuk Buah Botrytis (Tebu),"tebu terdapat bercak pada daun, batang mengalami pembusukan","**(Penyebab: Jamur Botrytis cinerea)**

Langkah Penanganan:
Sanitasi tanaman, kurangi kelembapan, pemangkasan bagian terinfeksi, fungisida"
Bercak Daun (Tebu),"tebu daun berwarna kuning, pertumbuhan tanaman terhambat","**(Penyebab: Jamur Cercospora spp.)**

Langkah Penanganan:
Sanitasi daun terinfeksi, jarak tanam cukup, fungisida"
Antraknosa (Tebu),"tebu daun tetap hijau, pertumbuhan tanaman terhambat","**(Penyebab: Jamur Colletotrichum spp.)**

Langkah Penanganan:
Sanitasi tanaman, rotasi tanaman, fungisida"
Karat Daun (Tebu),"tebu daun tetap hijau, terdapat bercak pada daun, daun mengalami kelayuan, batang mengalami pembusukan","**(Penyebab: Jamur Puccinia melanocephala)**

Langkah Penanganan:
Varietas tahan, sanitasi tanaman, fungisida"
Hawar Daun Bakteri (Tebu),"tebu terdapat bercak pada daun, batang mengalami pembusukan","**(Penyebab: Bakteri Xanthomonas albilineans)**

Langkah Penanganan:
Gunakan bibit sehat, sanitasi tanaman, bakterisida"
Busuk Buah Botrytis (Tebu),tebu daun mengalami kelayuan,"**(Penyebab: Jamur Botrytis cinerea)**

Langkah Penanganan:
Sanitasi tanaman, fungisida"
Busuk Akar Phytophthora (Tebu),"tebu daun berwarna kuning, terdapat bercak pada daun, daun mengalami kelayuan, batang mengalami pembusukan, pertumbuhan tanaman terhambat","**(Penyebab: Jamur Phytophthora spp.)**

Langkah Penanganan:
Drainase baik, rotasi tanaman, fungisida"
Busuk Buah Botrytis (Tebu),"tebu terdapat bercak pada daun, batang mengalami pembusukan","**(Penyebab: Jamur Botrytis cinerea)**

Langkah Penanganan:
Sanitasi tanaman, fungisida"
Bercak Daun (Tebu),"tebu daun berwarna kuning, pertumbuhan tanaman terhambat","**(Penyebab: Jamur Cercospora spp.)**

Langkah Penanganan:
Sanitasi daun sakit"
Antraknosa (Tebu),"tebu daun tetap hijau, pertumbuhan tanaman terhambat","**(Penyebab: Jamur Colletotrichum spp.)**

Langkah Penanganan:
Sanitasi tanaman"
Karat Daun (Tebu),"tebu daun tetap hijau, terdapat bercak pada daun, daun mengalami kelayuan, batang mengalami pembusukan","**(Penyebab: Jamur Puccinia melanocephala)**

Langkah Penanganan:
varietas tahan, sanitasi sisa tanaman, pengaturan jarak tanam, fungisida mankozeb atau propikonazol"
Busuk Lunak (Tebu),"tebu daun tetap hijau, terdapat bercak pada daun, batang mengalami pembusukan","**(Penyebab: Bakteri Erwinia carotovora)**

Langkah Penanganan:
sanitasi kebun, perbaikan drainase tanah, bibit sehat, bakterisida tembaga, pengendalian kelembaban"
Embun Tepung (Tebu),"tebu daun berwarna kuning, terdapat bercak pada daun, daun mengalami kelayuan, batang mengalami pembusukan","**(Penyebab: Jamur Erysiphe spp.)**

Langkah Penanganan:
varietas tahan, pengurangan kelembaban, sanitasi daun terinfeksi, fungisida sulfur atau triazol"
Busuk Lunak (Tebu),"tebu terdapat bercak pada daun, batang mengalami pembusukan","**(Penyebab: Bakteri Erwinia carotovora)**

Langkah Penanganan:
sanitasi kebun, perbaikan drainase, bibit sehat, bakterisida tembaga"
Blas (Tebu),tebu daun bercak coklat berbentuk belah ketupat,"**(Penyebab: Jamur Magnaporthe oryzae)**

Langkah Penanganan:
Gunakan varietas tahan, fungisida, perbaikan drainase"
Wereng Batang Coklat (Tebu),tebu daun menguning lalu mengering,"**(Penyebab: Nilaparvata lugens)**

Langkah Penanganan:
Gunakan insektisida selektif, varietas tahan"
Ulat Grayak (Tebu),tebu daun berlubang tidak beraturan,"**(Penyebab: Spodoptera litura)**

Langkah Penanganan:
Gunakan insektisida biologis, perangkap feromon"
Layu Fusarium (Tebu),tebu daun layu dari bawah ke atas,"**(Penyebab: Fusarium oxysporum)**

Langkah Penanganan:
Solarisasi tanah, fungisida, varietas tahan"
Antraknosa (Tebu),tebu buah muncul bercak hitam cekung,"**(Penyebab: Colletotrichum capsici)**

Langkah Penanganan:
Fungisida, panen cepat, rotasi tanaman"
Busuk Buah (Tebu),"tebu buah coklat kehitaman, busuk lembek","**(Penyebab: Phytophthora palmivora)**

Langkah Penanganan:
Pangkas buah sakit, fungisida, drainase baik"
Karat Daun (Tebu),tebu daun bercak kuning-oranye,"**(Penyebab: Hemileia vastatrix)**

Langkah Penanganan:
Fungisida tembaga, pangkas daun sakit"
Virus Kuning (Tebu),"tebu daun keriting, kerdil, berubah kuning","**(Penyebab: Virus Gemini via kutu kebul)**

Langkah Penanganan:
Kendalikan kutu kebul, varietas tahan"
Busuk Akar (Tebu),"tebu akar membusuk, tanaman layu mendadak","**(Penyebab: Phytophthora spp.)**

Langkah Penanganan:
Perbaiki drainase, fungisida tanah"
Penggerek Buah (Tebu),"tebu buah berlubang kecil, biji rusak","**(Penyebab: Hypothenemus hampei)**

Langkah Penanganan:
Perangkap serangga, insektisida nabati"
Gulma Berdaun Lebar (Tebu),tebu gulma tumbuh dan bersaing nutrisi,"**(Penyebab: Richardia brasiliensis dkk)**

Langkah Penanganan:
Gunakan herbisida selektif (2,4-D), lakukan penyiangan manual, dan pengendalian gulma secara rutin"
Gulma Berdaun Sempit (Tebu),tebu rumput liar tumbuh cepat,"**(Penyebab: Digitaria ciliaris dkk)**

Langkah Penanganan:
Gunakan herbisida (glifosat), lakukan penyiangan, dan rotasi tanaman"
Cacar Daun (Teh),teh daun bercak menonjol,"**(Penyebab: Exobasidium vexans)**

Langkah Penanganan:
Gunakan fungisida tembaga, lakukan pemangkasan daun sakit, dan jaga sanitasi kebun"
Bercak Coklat (Teh),teh daun bercak coklat,"**(Penyebab: Colletotrichum cameliae)**

Langkah Penanganan:
Gunakan fungisida (mankozeb), sanitasi daun terinfeksi, dan perbaiki sirkulasi udara"
Pengisap Daun (Teh),teh daun rusak akibat hisapan,"**(Penyebab: Helopeltis sp.)**

Langkah Penanganan:
Gunakan insektisida selektif, lakukan monitoring rutin, dan pengendalian hama terpadu"
Rebah Batang (Tembakau),tanaman roboh saat muda,"**(Penyebab: Pythium spp.)**

Langkah Penanganan:
Gunakan fungisida tanah, perbaiki drainase, dan hindari kelembaban berlebih"
Rebah Batang (Tembakau),tanaman mati setelah rebah,"**(Penyebab: Rhizoctonia solani)**

Langkah Penanganan:
Gunakan fungisida, lakukan rotasi tanaman, dan sanitasi lahan"
Mosaic Virus (Virus Mosaik) (Tembakau),"tembakau daun belang-belang hijau muda/tua, mengeriting, tanaman kerdil.","**(Penyebab: Daun belang, mengeriting, tanaman kerdil)**

Langkah Penanganan:
Kendalikan vektor (kutu daun/aphids) dengan insektisida. Cabut dan bakar tanaman yang terinfeksi."
Layu Bakteri (Terong),"terong daun tetap hijau, terdapat bercak pada daun, batang mengalami pembusukan","**(Penyebab: Bakteri Ralstonia solanacearum)**

Langkah Penanganan:
Rotasi tanaman dan penggunaan varietas tahan penyakit"
Karat Daun (Terong),"terong daun mengalami kelayuan, pertumbuhan tanaman terhambat","**(Penyebab: Jamur Puccinia spp.)**

Langkah Penanganan:
Penyemprotan fungisida dan sanitasi daun"
Karat Daun (Terong),"terong daun tetap hijau, terdapat bercak pada daun","**(Penyebab: Jamur Puccinia spp.)**

Langkah Penanganan:
Fungisida dan pemangkasan daun terinfeksi"
Busuk Buah Botrytis (Terong),"terong daun tetap hijau, batang mengalami pembusukan","**(Penyebab: jamur Corticium salmonicolor)**

Langkah Penanganan:
Pangkas bagian tanaman yang terinfeksi, jaga sirkulasi udara, dan semprot fungisida berbahan tembaga."
Karat Daun (Terong),"terong daun tetap hijau, terdapat bercak pada daun, pertumbuhan tanaman terhambat","**(Penyebab: Jamur karat Puccinia spp.)**

Langkah Penanganan:
Semprot fungisida, buang daun terinfeksi"
Karat Daun (Terong),"terong daun tetap hijau, daun mengalami kelayuan","**(Penyebab: Jamur karat daun)**

Langkah Penanganan:
Semprot fungisida dan buang daun sakit"
Antraknosa (Terong),"terong daun mengalami kelayuan, batang mengalami pembusukan, pertumbuhan tanaman terhambat","**(Penyebab: Jamur Colletotrichum spp.)**

Langkah Penanganan:
Gunakan fungisida dan buang bagian terinfeksi"
Embun Tepung (Terong),terong terdapat bercak pada daun,"**(Penyebab: Jamur Erysiphe spp.)**

Langkah Penanganan:
Fungisida sulfur"
Busuk Buah Botrytis (Terong),"terong daun mengalami kelayuan, pertumbuhan tanaman terhambat","**(Penyebab: jamur Botrytis cinerea)**

Langkah Penanganan:
sanitasi kebun, membuang buah terinfeksi, menjaga sirkulasi udara, fungisida"
Bercak Daun (Terong),"terong daun tetap hijau, batang mengalami pembusukan, pertumbuhan tanaman terhambat","**(Penyebab: jamur Alternaria solani)**

Langkah Penanganan:
sanitasi daun sakit, rotasi tanaman, penggunaan varietas tahan, fungisida"
Bercak Daun (Terong),"terong daun tetap hijau, terdapat bercak pada daun, daun mengalami kelayuan, batang mengalami pembusukan","**(Penyebab: jamur Alternaria solani)**

Langkah Penanganan:
sanitasi daun sakit, rotasi tanaman, penggunaan varietas tahan, fungisida"
Layu Fusarium (Terong),"terong terdapat bercak pada daun, daun mengalami kelayuan, pertumbuhan tanaman terhambat","**(Penyebab: Jamur Fusarium oxysporum)**

Langkah Penanganan:
Rotasi tanaman, varietas tahan, fungisida"
Busuk Akar Phytophthora (Terong),"terong batang mengalami pembusukan, pertumbuhan tanaman terhambat","**(Penyebab: Jamur Phytophthora capsici)**

Langkah Penanganan:
perbaikan drainase tanah, rotasi tanaman, mulsa plastik, fungisida metalaksil"
Blas (Terong),terong daun bercak coklat berbentuk belah ketupat,"**(Penyebab: Jamur Magnaporthe oryzae)**

Langkah Penanganan:
Gunakan varietas tahan, fungisida, perbaikan drainase"
Wereng Batang Coklat (Terong),terong daun menguning lalu mengering,"**(Penyebab: Nilaparvata lugens)**

Langkah Penanganan:
Gunakan insektisida selektif, varietas tahan"
Ulat Grayak (Terong),terong daun berlubang tidak beraturan,"**(Penyebab: Spodoptera litura)**

Langkah Penanganan:
Gunakan insektisida biologis, perangkap feromon"
Layu Fusarium (Terong),terong daun layu dari bawah ke atas,"**(Penyebab: Fusarium oxysporum)**

Langkah Penanganan:
Solarisasi tanah, fungisida, varietas tahan"
Antraknosa (Terong),terong buah muncul bercak hitam cekung,"**(Penyebab: Colletotrichum capsici)**

Langkah Penanganan:
Fungisida, panen cepat, rotasi tanaman"
Busuk Buah (Terong),"terong buah coklat kehitaman, busuk lembek","**(Penyebab: Phytophthora palmivora)**

Langkah Penanganan:
Pangkas buah sakit, fungisida, drainase baik"
Karat Daun (Terong),terong daun bercak kuning-oranye,"**(Penyebab: Hemileia vastatrix)**

Langkah Penanganan:
Fungisida tembaga, pangkas daun sakit"
Virus Kuning (Terong),"terong daun keriting, kerdil, berubah kuning","**(Penyebab: Virus Gemini via kutu kebul)**

Langkah Penanganan:
Kendalikan kutu kebul, varietas tahan"
Busuk Akar (Terong),"terong akar membusuk, tanaman layu mendadak","**(Penyebab: Phytophthora spp.)**

Langkah Penanganan:
Perbaiki drainase, fungisida tanah"
Penggerek Buah (Terong),"terong buah berlubang kecil, biji rusak","**(Penyebab: Hypothenemus hampei)**

Langkah Penanganan:
Perangkap serangga, insektisida nabati"
Busuk Akar (Tomat),"tomat daun berwarna kuning, terdapat bercak pada daun, batang mengalami pembusukan","**(Penyebab: Jamur Rhizoctonia solani)**

Langkah Penanganan:
Perbaiki drainase tanah dan gunakan fungisida"
Busuk Lunak (Tomat),"tomat daun tetap hijau, daun mengalami kelayuan, batang mengalami pembusukan","**(Penyebab: Bakteri Pectobacterium carotovorum)**

Langkah Penanganan:
Buang bagian tanaman sakit, kurangi kelembaban, gunakan bakterisida"
Antraknosa (Tomat),"tomat daun tetap hijau, daun mengalami kelayuan, pertumbuhan tanaman terhambat","**(Penyebab: Jamur Colletotrichum spp.)**

Langkah Penanganan:
Fungisida dan sanitasi kebun"
Busuk Lunak (Tomat),"tomat daun berwarna kuning, daun mengalami kelayuan, batang mengalami pembusukan, pertumbuhan tanaman terhambat","**(Penyebab: Bakteri Erwinia carotovora)**

Langkah Penanganan:
Sanitasi lahan dan penggunaan bakterisida"
Karat Daun (Tomat),"tomat daun berwarna kuning, daun mengalami kelayuan, batang mengalami pembusukan","**(Penyebab: Jamur karat daun)**

Langkah Penanganan:
Semprot fungisida dan sanitasi tanaman"
Busuk Lunak (Tomat),"tomat daun tetap hijau, pertumbuhan tanaman terhambat","**(Penyebab: bakteri Pectobacterium carotovorum)**

Langkah Penanganan:
sanitasi kebun, penggunaan bibit sehat, pengaturan kelembapan, bakterisida"
Karat Daun (Tomat),"tomat daun berwarna kuning, terdapat bercak pada daun","**(Penyebab: jamur Puccinia spp.)**

Langkah Penanganan:
sanitasi kebun, rotasi tanaman, varietas tahan, fungisida"
Antraknosa (Tomat),tomat daun tetap hijau,"**(Penyebab: jamur Colletotrichum coccodes)**

Langkah Penanganan:
sanitasi kebun, rotasi tanaman, penggunaan benih sehat, fungisida"
Layu Bakteri (Tomat),"tomat terdapat bercak pada daun, daun mengalami kelayuan","**(Penyebab: bakteri Ralstonia solanacearum)**

Langkah Penanganan:
bibit sehat, rotasi tanaman, sanitasi kebun, bakterisida"
Jamur Upas (Tomat),"tomat daun berwarna kuning, daun mengalami kelayuan, batang mengalami pembusukan","**(Penyebab: jamur Upasia salmonicolor)**

Langkah Penanganan:
pemangkasan bagian sakit, sanitasi kebun, fungisida"
Bercak Daun (Tomat),"tomat terdapat bercak pada daun, daun mengalami kelayuan, batang mengalami pembusukan, pertumbuhan tanaman terhambat","**(Penyebab: jamur Septoria lycopersici)**

Langkah Penanganan:
sanitasi daun sakit, rotasi tanaman, fungisida"
Busuk Buah Botrytis (Tomat),"tomat daun tetap hijau, terdapat bercak pada daun, batang mengalami pembusukan","**(Penyebab: Jamur Botrytis cinerea)**

Langkah Penanganan:
Sanitasi buah sakit, pengaturan kelembapan, fungisida"
Antraknosa (Tomat),"tomat daun tetap hijau, daun mengalami kelayuan, batang mengalami pembusukan","**(Penyebab: Jamur Colletotrichum coccodes)**

Langkah Penanganan:
rotasi tanaman, sanitasi buah terinfeksi, fungisida klorotalonil atau mankozeb"
Karat Daun (Tomat),"tomat daun tetap hijau, batang mengalami pembusukan, pertumbuhan tanaman terhambat","**(Penyebab: Jamur Puccinia spp.)**

Langkah Penanganan:
sanitasi daun terinfeksi, pengaturan jarak tanam, fungisida mankozeb atau propikonazol"
Jamur Upas (Tomat),"tomat daun berwarna kuning, terdapat bercak pada daun, daun mengalami kelayuan, batang mengalami pembusukan, pertumbuhan tanaman terhambat","**(Penyebab: Jamur Upasia salmonicolor)**

Langkah Penanganan:
pemangkasan bagian sakit, sanitasi kebun, fungisida tembaga"
Hawar Daun Bakteri (Tomat),"tomat terdapat bercak pada daun, daun mengalami kelayuan, pertumbuhan tanaman terhambat","**(Penyebab: Bakteri Xanthomonas spp.)**

Langkah Penanganan:
benih bebas patogen, sanitasi tanaman sakit, bakterisida tembaga"
Blas (Tomat),tomat daun bercak coklat berbentuk belah ketupat,"**(Penyebab: Jamur Magnaporthe oryzae)**

Langkah Penanganan:
Gunakan varietas tahan, fungisida, perbaikan drainase"
Wereng Batang Coklat (Tomat),tomat daun menguning lalu mengering,"**(Penyebab: Nilaparvata lugens)**

Langkah Penanganan:
Gunakan insektisida selektif, varietas tahan"
Ulat Grayak (Tomat),tomat daun berlubang tidak beraturan,"**(Penyebab: Spodoptera litura)**

Langkah Penanganan:
Gunakan insektisida biologis, perangkap feromon"
Lalat Buah (Tomat),"tomat buah berlubang, buah membusuk dari dalam, buah gugur sebelum matang","**(Penyebab: Bactrocera sp)**

Langkah Penanganan:
Solarisasi tanah, fungisida, varietas tahan"
Antraknosa (Tomat),tomat buah muncul bercak hitam cekung,"**(Penyebab: Colletotrichum capsici)**

Langkah Penanganan:
Fungisida, panen cepat, rotasi tanaman"
Busuk Buah (Tomat),"tomat buah coklat kehitaman, busuk lembek","**(Penyebab: Phytophthora palmivora)**

Langkah Penanganan:
Sanitasi buah terserang, pemusnahan buah jatuh, penggunaan perangkap metil eugenol"
Karat Daun (Tomat),tomat daun bercak kuning-oranye,"**(Penyebab: Hemileia vastatrix)**

Langkah Penanganan:
Fungisida tembaga, pangkas daun sakit"
Virus Kuning (Tomat),"tomat daun keriting, kerdil, berubah kuning","**(Penyebab: Virus Gemini via kutu kebul)**

Langkah Penanganan:
Kendalikan kutu kebul, varietas tahan"
Busuk Akar (Tomat),"tomat akar membusuk, tanaman layu mendadak","**(Penyebab: Phytophthora spp.)**

Langkah Penanganan:
Perbaiki drainase, fungisida tanah"
Penggerek Buah (Tomat),"tomat buah berlubang kecil, biji rusak","**(Penyebab: Hypothenemus hampei)**

Langkah Penanganan:
Perangkap serangga, insektisida nabati"
Busuk Daun (Tomat),tomat daun membusuk cepat,"**(Penyebab: Phytophthora infestans)**

Langkah Penanganan:
Gunakan fungisida sistemik (metalaksil), perbaiki drainase, dan buang tanaman terinfeksi"
Bercak Daun (Tomat),tomat daun bercak coklat,"**(Penyebab: Septoria lycopersici)**

Langkah Penanganan:
Gunakan fungisida (klorotalonil), sanitasi daun sakit, dan rotasi tanaman"
Ulat Buah (Tomat),tomat buah berlubang,"**(Penyebab: Helicoverpa armigera)**

Langkah Penanganan:
Gunakan insektisida biologis (Bt), pasang perangkap feromon, dan pengendalian terpadu"
Powdery Mildew (Embun Tepung) (Tomat),"tomat lapisan putih seperti bedak di daun, batang, dan bunga.","**(Penyebab: Lapisan putih seperti bedak di daun, batang, dan bunga)**

Langkah Penanganan:
Semprot fungisida sulfur atau kalium bikarbonat. Atur jarak tanam agar tidak terlalu lembap."
Mosaic Virus (Virus Mosaik) (Tomat),"tomat daun belang-belang hijau muda/tua, mengeriting, tanaman kerdil.","**(Penyebab: Daun belang, mengeriting, tanaman kerdil)**

Langkah Penanganan:
Kendalikan vektor (kutu daun/aphids) dengan insektisida. Cabut dan bakar tanaman yang terinfeksi."
Fusarium Wilt (Layu Fusarium) (Tomat),"tomat tanaman layu cepat (sering satu sisi), jaringan vaskular coklat di dalam batang.","**(Penyebab: Layu cepat, pembuluh coklat)**

Langkah Penanganan:
Rotasi tanaman, tingkatkan pH tanah, gunakan varietas tahan, gunakan agens hayati Trichoderma."
Layu Bakteri (Wortel),"wortel daun tetap hijau, daun mengalami kelayuan, batang mengalami pembusukan","**(Penyebab: Bakteri Ralstonia solanacearum)**

Langkah Penanganan:
Rotasi tanaman dan gunakan bibit sehat"
Layu Bakteri (Wortel),"wortel daun tetap hijau, terdapat bercak pada daun, daun mengalami kelayuan, batang mengalami pembusukan, pertumbuhan tanaman terhambat","**(Penyebab: Bakteri Ralstonia solanacearum)**

Langkah Penanganan:
Rotasi tanaman dan sanitasi lahan"
Bercak Daun (Wortel),"wortel daun tetap hijau, daun mengalami kelayuan, batang mengalami pembusukan","**(Penyebab: Jamur Alternaria dauci)**

Langkah Penanganan:
Fungisida dan sanitasi"
Hawar Daun Bakteri (Wortel),"wortel daun mengalami kelayuan, pertumbuhan tanaman terhambat","**(Penyebab: Bakteri patogen daun)**

Langkah Penanganan:
Gunakan bakterisida dan benih sehat"
Antraknosa (Wortel),"wortel daun berwarna kuning, pertumbuhan tanaman terhambat","**(Penyebab: Jamur Colletotrichum spp.)**

Langkah Penanganan:
Fungisida dan sanitasi tanaman"
Bercak Daun (Wortel),"wortel daun tetap hijau, daun mengalami kelayuan","**(Penyebab: Jamur Alternaria spp.)**

Langkah Penanganan:
Fungisida dan rotasi tanaman"
Busuk Buah Botrytis (Wortel),"wortel daun berwarna kuning, terdapat bercak pada daun, batang mengalami pembusukan","**(Penyebab: Jamur Botrytis cinerea)**

Langkah Penanganan:
Sanitasi kebun dan fungisida"
Busuk Hitam (Wortel),"wortel daun mengalami kelayuan, batang mengalami pembusukan, pertumbuhan tanaman terhambat","**(Penyebab: jamur Alternaria radicina)**

Langkah Penanganan:
rotasi tanaman, sanitasi lahan, penggunaan benih sehat, fungisida"
Antraknosa (Wortel),"wortel daun berwarna kuning, terdapat bercak pada daun, daun mengalami kelayuan, batang mengalami pembusukan","**(Penyebab: jamur Colletotrichum spp.)**

Langkah Penanganan:
sanitasi kebun, rotasi tanaman, penggunaan benih sehat, fungisida"
Busuk Lunak (Wortel),"wortel batang mengalami pembusukan, pertumbuhan tanaman terhambat","**(Penyebab: bakteri Pectobacterium carotovorum)**

Langkah Penanganan:
sanitasi lahan, penggunaan benih sehat, pengaturan kelembapan, bakterisida"
Busuk Hitam (Wortel),"wortel terdapat bercak pada daun, daun mengalami kelayuan, batang mengalami pembusukan","**(Penyebab: jamur Alternaria radicina)**

Langkah Penanganan:
rotasi tanaman, sanitasi lahan, penggunaan benih sehat, fungisida"
Busuk Buah Botrytis (Wortel),"wortel daun berwarna kuning, daun mengalami kelayuan, batang mengalami pembusukan, pertumbuhan tanaman terhambat","**(Penyebab: jamur Botrytis cinerea)**

Langkah Penanganan:
sanitasi kebun, rotasi tanaman, menjaga kelembapan, fungisida"
Hawar Daun Bakteri (Wortel),"wortel daun berwarna kuning, terdapat bercak pada daun","**(Penyebab: bakteri Xanthomonas spp.)**

Langkah Penanganan:
sanitasi kebun, benih sehat, rotasi tanaman, bakterisida"
Layu Fusarium (Wortel),"wortel daun tetap hijau, terdapat bercak pada daun, pertumbuhan tanaman terhambat","**(Penyebab: jamur Fusarium oxysporum)**

Langkah Penanganan:
rotasi tanaman, benih sehat, drainase baik, fungisida"
Bercak Daun Cercospora (Wortel),"wortel daun berwarna kuning, terdapat bercak pada daun, daun mengalami kelayuan","**(Penyebab: jamur Cercospora carotae)**

Langkah Penanganan:
sanitasi daun sakit, rotasi tanaman, fungisida"
Bercak Daun Cercospora (Wortel),"wortel daun berwarna kuning, batang mengalami pembusukan, pertumbuhan tanaman terhambat","**(Penyebab: Jamur Cercospora carotae)**

Langkah Penanganan:
rotasi tanaman, sanitasi daun terinfeksi, pengaturan jarak tanam, fungisida klorotalonil atau mankozeb"
Hawar Daun Bakteri (Wortel),"wortel daun tetap hijau, batang mengalami pembusukan, pertumbuhan tanaman terhambat","**(Penyebab: Bakteri Xanthomonas campestris)**

Langkah Penanganan:
sanitasi lahan, penggunaan benih sehat, rotasi tanaman, bakterisida tembaga"
Layu Fusarium (Wortel),"wortel daun berwarna kuning, terdapat bercak pada daun, daun mengalami kelayuan","**(Penyebab: Jamur Fusarium oxysporum)**

Langkah Penanganan:
rotasi tanaman, bibit sehat, pengolahan tanah baik, agen hayati Trichoderma"
Bercak Daun Cercospora (Wortel),"wortel daun tetap hijau, daun mengalami kelayuan, pertumbuhan tanaman terhambat","**(Penyebab: Jamur Cercospora carotae)**

Langkah Penanganan:
rotasi tanaman, sanitasi daun sakit, fungisida klorotalonil"
Nematoda Bintil Akar (Wortel),wortel akar membengkak (bintil),"**(Penyebab: Meloidogyne sp.)**

Langkah Penanganan:
Gunakan nematisida, lakukan rotasi tanaman, solarisasi tanah, dan gunakan varietas tahan"
